0.0,0.1,0.0,1.0,8.61816000938
0.0,0.1,0.0,1.0,8.72598910332
0.0,0.1,0.0,1.0,8.82371902466
0.0,0.1,0.0,1.0,8.9299390316
0.0,0.1,0.0,1.0,9.03441500664
0.0,0.1,0.0,1.0,9.1355099678
0.0,0.1,0.0,1.0,9.2334549427
0.0,0.1,0.0,1.0,9.33322501183
0.0,0.1,0.0,1.0,9.44428396225
0.0,0.1,0.0,1.0,9.53843212128
0.6312,0.0876,-1.3045,0.0,9.66387605667
0.6255,0.1143,-1.3589,0.0,9.72948098183
0.5794,0.1244,-1.4497,0.0,9.83860015869
0.5657,0.1359,-1.5243,0.0,9.96246314049
0.5632,0.1366,-1.5315,0.0,10.0770020485
0.5685,0.1405,-1.5461,0.0,10.2076330185
0.5686,0.1438,-1.5534,0.0,10.3382189274
0.5714,0.1478,-1.5684,0.0,10.466422081
0.5716,0.1485,-1.576,0.0,10.5846540928
0.5769,0.1432,-1.576,0.0,10.7051389217
0.5848,0.1352,-1.576,0.0,10.8225810528
0.5846,0.1266,-1.5684,0.0,10.9467229843
0.5926,0.116,-1.5684,0.0,11.0762970448
0.5926,0.1133,-1.5684,0.0,11.1970920563
0.5926,0.1107,-1.5684,0.0,11.3231999874
0.5954,0.1085,-1.576,0.0,11.438254118
0.5954,0.1085,-1.576,0.0,11.5572049618
0.5954,0.1139,-1.576,0.0,11.6746659279
0.5954,0.1165,-1.576,0.0,11.8043560982
0.5954,0.1139,-1.576,0.0,11.9277670383
0.5928,0.1139,-1.576,0.0,12.0504310131
0.5954,0.1085,-1.576,0.0,12.1667511463
0.6007,0.1059,-1.576,0.0,12.29027915
0.6007,0.1059,-1.576,0.0,12.4196310043
0.5954,0.1005,-1.576,0.0,12.5409340858
0.5848,0.1005,-1.576,0.0,12.6743280888
0.5663,0.1037,-1.5837,0.0,12.8000259399
0.569,0.101,-1.5837,0.0,12.9228999615
0.5104,0.1251,-1.5837,0.0,13.0524120331
0.4896,0.1319,-1.5684,0.0,13.1894140244
0.4659,0.1425,-1.5684,0.0,13.3097629547
0.45,0.1478,-1.5684,0.0,13.4268140793
0.4184,0.1664,-1.5684,0.0,13.5592961311
0.4236,0.1664,-1.5684,0.0,13.6875770092
0.4013,0.1701,-1.5534,0.0,13.8127310276
0.4091,0.1727,-1.5534,0.0,13.9362180233
0.415,0.1666,-1.5461,0.0,14.0512940884
0.4332,0.1588,-1.5461,0.0,14.176377058
0.4332,0.1588,-1.5461,0.0,14.2931921482
0.4514,0.1483,-1.5461,0.0,14.4168241024
0.5165,0.1169,-1.5461,0.0,14.5333061218
0.5087,0.1248,-1.5461,0.0,14.6521070004
0.532,0.1149,-1.5534,0.0,14.7748529911
0.5608,0.0991,-1.5534,0.0,14.9061329365
0.5267,0.118,-1.5609,0.0,15.0258989334
0.5004,0.1365,-1.5609,0.0,15.1589720249
0.5185,0.1325,-1.576,0.0,15.298443079
0.5397,0.1224,-1.5837,0.0,15.416932106
0.5504,0.1243,-1.6071,0.0,15.5473611355
0.5613,0.1282,-1.6231,0.0,15.6715619564
0.5504,0.1434,-1.6395,0.0,15.7875199318
0.5699,0.1386,-1.6478,0.0,15.9104280472
0.5893,0.133,-1.6478,0.0,16.0328481197
0.6056,0.1212,-1.6395,0.0,16.1534750462
0.5803,0.1303,-1.6151,0.0,16.2685711384
0.5584,0.1426,-1.5992,0.0,16.3878250122
0.569,0.1412,-1.5837,0.0,16.5127141476
0.583,0.1467,-1.6151,0.0,16.6354849339
0.5532,0.1795,-1.6395,0.0,16.7546970844
0.5757,0.2273,-1.6646,0.0,16.8880591393
0.6198,0.2891,-1.6478,0.0,17.0104811192
0.6242,0.3315,-1.6231,0.0,17.1383731365
0.6406,0.3785,-1.6732,0.0,17.2536280155
0.6187,0.3534,-1.6231,0.0,17.3859419823
0.4954,0.2286,-1.412,0.0,17.5186331272
0.4105,0.1684,-1.315,0.0,17.6585421562
0.205,0.0579,-1.3312,0.0,17.7909281254
0.041,0.0492,-1.1321,0.0,17.9115710258
-0.0586,0.0268,-1.4827,0.0,18.0481250286
-0.178,0.0269,-1.6395,0.0,18.1796469688
-0.2701,0.0385,-1.7929,0.0,18.3026490211
-0.3095,0.0405,-1.8864,0.0,18.4172971249
-0.3433,0.0327,-1.9902,0.0,18.5394020081
-0.3738,0.0199,-2.0659,0.0,18.6741540432
-0.375,0.0273,-2.0925,0.0,18.7955620289
-0.3562,0.031,-2.106,0.0,18.9243280888
-0.3137,0.0631,-2.106,0.0,19.0421249866
-0.2454,0.0807,-1.9312,0.0,19.1626529694
-0.1475,0.1183,-2.0148,0.0,19.287348032
-0.0495,0.1178,-1.8974,0.0,19.4033069611
0.0262,0.1387,-1.8333,0.0,19.5289371014
0.1125,0.1254,-1.7356,0.0,19.6603019238
0.1782,0.1012,-1.5461,0.0,19.7788059711
0.2383,0.1422,-1.4827,0.0,19.9179270267
0.3277,0.1913,-1.4369,0.0,20.0515379906
0.3896,0.2799,-1.382,0.0,20.1819360256
0.4344,0.2495,-1.3204,0.0,20.317647934
1.0438,0.5024,-2.8915,0.0,20.4492149353
0.438,0.312,-1.2077,0.0,20.5811040401
0.4493,0.2944,-1.1944,0.0,20.7128181458
0.4608,0.2784,-1.2305,0.0,20.8322751522
0.4875,0.2568,-1.2789,0.0,20.954116106
0.5033,0.2473,-1.3204,0.0,21.0853321552
0.4907,0.2223,-1.3045,0.0,21.2157440186
0.5075,0.2253,-1.4059,0.0,21.3380000591
0.5114,0.2205,-1.4369,0.0,21.4536211491
0.516,0.2176,-1.4497,0.0,21.5762450695
0.5208,0.2161,-1.4562,0.0,21.6928379536
0.5278,0.204,-1.476,0.0,21.8221571445
0.5302,0.2084,-1.4895,0.0,21.9496929646
0.5401,0.2027,-1.5032,0.0,22.0650260448
0.54,0.2097,-1.5172,0.0,22.1895620823
0.5375,0.22,-1.5172,0.0,22.3075909615
0.5375,0.2149,-1.5172,0.0,22.4291751385
0.5401,0.2113,-1.5102,0.0,22.5622980595
0.5477,0.1934,-1.5102,0.0,22.6843421459
0.5452,0.1849,-1.5032,0.0,22.8111331463
0.5427,0.179,-1.4963,0.0,22.9315490723
0.515,0.1689,-1.4963,0.0,23.0585401058
0.5427,0.1182,-1.4963,0.0,23.176224947
0.5151,0.09,-1.4895,0.0,23.2941291332
0.4288,0.0577,-1.5032,0.0,23.4089031219
0.4197,0.0389,-1.4627,0.0,23.5216920376
0.2709,0.1025,-1.4181,0.0,23.6441280842
0.1519,0.1153,-1.3998,0.0,23.7569169998
0.0596,0.0979,-1.3879,0.0,23.8847799301
0.0151,0.0835,-1.382,0.0,24.0026531219
-0.0479,0.0557,-1.3879,0.0,24.1238210201
-0.1095,0.0332,-1.4306,0.0,24.2404551506
-0.1556,0.0288,-1.4562,0.0,24.3569171429
-0.2024,0.0117,-1.476,0.0,24.4715089798
-0.2279,-0.0033,-1.4963,0.0,24.594274044
-0.2641,-0.0191,-1.5461,0.0,24.713602066
-0.2785,-0.0326,-1.5684,0.0,24.8267350197
-0.2853,-0.0552,-1.6071,0.0,24.9482140541
-0.2883,-0.0674,-1.6395,0.0,25.0702090263
-0.2745,-0.0914,-1.6732,0.0,25.1902880669
-0.2645,-0.1072,-1.6994,0.0,25.3159270287
-0.2468,-0.1272,-1.7356,0.0,25.4476480484
-0.2118,-0.1536,-1.7356,0.0,25.5611131191
-0.1766,-0.1799,-1.7638,0.0,25.6827390194
-0.1529,-0.2008,-1.7638,0.0,25.8004670143
-0.1196,-0.2176,-1.7543,0.0,25.9192950726
-0.0915,-0.2229,-1.7264,0.0,26.0368881226
-0.0643,-0.2251,-1.6994,0.0,26.1630079746
-0.0434,-0.229,-1.6646,0.0,26.2816200256
-0.0345,-0.2366,-1.6395,0.0,26.4015800953
-0.0383,-0.2396,-1.5684,0.0,26.5251860619
-0.0498,-0.2446,-1.5172,0.0,26.6424770355
-0.0729,-0.2444,-1.4693,0.0,26.7607951164
-0.1077,-0.2457,-1.4059,0.0,26.8805150986
-0.1435,-0.2454,-1.3646,0.0,26.9965331554
-0.1914,-0.241,-1.315,0.0,27.1107990742
-0.2236,-0.2374,-1.2839,0.0,27.2409069538
-0.2671,-0.2242,-1.2352,0.0,27.3710081577
-0.3016,-0.2034,-1.1988,0.0,27.494243145
-0.3385,-0.1852,-1.1729,0.0,27.6112289429
-0.3558,-0.1663,-1.1522,0.0,27.7450010777
-0.3858,-0.1423,-1.1321,0.0,27.8613109589
-0.4144,-0.1215,-1.1166,0.0,27.9836509228
-0.4306,-0.1015,-1.1052,0.0,28.1127910614
-0.4373,-0.0598,-1.0941,0.0,28.2478060722
-0.4787,-0.0316,-1.0796,0.0,28.3709440231
-0.546,-0.0115,-1.0796,0.0,28.489866972
-0.5803,-0.0005,-1.0725,0.0,28.6213071346
-0.6229,0.0108,-1.1166,0.0,28.7424991131
0.0,0.1,0.0,1.0,28.8405089378
0.0,0.1,0.0,1.0,28.9445631504
0.0,0.1,0.0,1.0,29.04185009
0.0,0.1,0.0,1.0,29.1377789974
0.0,0.1,0.0,1.0,29.2412290573
0.0,0.1,0.0,1.0,29.3373041153
0.0,0.1,0.0,1.0,29.429639101
0.0,0.1,0.0,1.0,29.529556036
0.0,0.1,0.0,1.0,29.6270239353
-0.7948,0.0829,-1.412,0.0,29.7463600636
-0.8029,0.0816,-1.4306,0.0,29.8069059849
-0.8026,0.083,-1.4562,0.0,29.9224741459
-0.7805,0.0756,-1.4562,0.0,30.0378689766
-0.7708,0.0774,-1.4895,0.0,30.1593239307
-0.7592,0.0727,-1.4963,0.0,30.2767260075
-0.745,0.0654,-1.5032,0.0,30.3978259563
-0.7215,0.0524,-1.4963,0.0,30.5173840523
-0.7164,0.0499,-1.4963,0.0,30.63560009
-0.6967,0.0517,-1.476,0.0,30.7583949566
-0.6764,0.0457,-1.4433,0.0,30.8766491413
-0.6705,0.0501,-1.4306,0.0,30.9971950054
-0.665,0.0488,-1.3938,0.0,31.1308159828
-0.6598,0.0315,-1.3589,0.0,31.2673499584
-0.6682,0.0218,-1.3257,0.0,31.3949711323
-0.6752,0.0102,-1.2839,0.0,31.5269219875
-0.6813,0.0036,-1.2399,0.0,31.6422741413
-0.6804,-0.0027,-1.2122,0.0,31.7595419884
0.0,0.1,0.0,1.0,31.8591229916
0.0,0.1,0.0,1.0,31.9688379765
0.0,0.1,0.0,1.0,32.0708210468
0.0,0.1,0.0,1.0,32.1696059704
0.0,0.1,0.0,1.0,32.2631940842
0.0,0.1,0.0,1.0,32.3552980423
0.0,0.1,0.0,1.0,32.4640409946
0.0,0.1,0.0,1.0,32.5681550503
0.0,0.1,0.0,1.0,32.6719901562
0.0,0.1,0.0,1.0,32.7867939472
-0.5527,-0.0369,-0.979,0.0,32.9016931057
-0.5511,-0.0368,-0.976,0.0,32.9677119255
-0.5381,-0.0248,-0.9588,0.0,33.084416151
-0.5255,-0.0261,-0.9476,0.0,33.2000989914
-0.5002,-0.0164,-0.9421,0.0,33.328371048
-0.486,-0.0132,-0.9421,0.0,33.4477291107
-0.4744,-0.0101,-0.9476,0.0,33.5768711567
-0.4599,-0.0054,-0.9673,0.0,33.6953761578
-0.4488,-0.0022,-0.997,0.0,33.8291890621
-0.4472,0.0048,-1.0483,0.0,33.9628789425
-0.4369,0.0087,-1.0978,0.0,34.0880410671
-0.4335,0.0147,-1.1321,0.0,34.2078449726
-0.4249,0.0153,-1.1772,0.0,34.3211550713
-0.4228,0.0241,-1.2168,0.0,34.4415431023
-0.4164,0.0334,-1.2591,0.0,34.5715711117
-0.4111,0.0459,-1.3097,0.0,34.6970829964
-0.4088,0.0611,-1.3533,0.0,34.8171300888
-0.4012,0.0718,-1.382,0.0,34.9511051178
-0.3926,0.0857,-1.4181,0.0,35.063929081
-0.3696,0.09,-1.4497,0.0,35.1837160587
-0.3515,0.0966,-1.476,0.0,35.2992401123
-0.316,0.1005,-1.4963,0.0,35.427973032
-0.2834,0.1014,-1.5102,0.0,35.5580580235
-0.263,0.1066,-1.5102,0.0,35.675522089
-0.2402,0.1066,-1.5102,0.0,35.7993631363
-0.2112,0.1086,-1.5032,0.0,35.9382491112
-0.1834,0.1096,-1.4827,0.0,36.0665910244
-0.1588,0.1057,-1.4627,0.0,36.20261693
-0.1421,0.1043,-1.4433,0.0,36.3215680122
-0.1282,0.1029,-1.4243,0.0,36.4391219616
-0.119,0.1035,-1.3998,0.0,36.5589430332
-0.1165,0.1036,-1.3704,0.0,36.6965200901
-0.1041,0.1028,-1.3589,0.0,36.8269901276
-0.1032,0.1019,-1.3477,0.0,36.9563341141
-0.0991,0.1023,-1.3533,0.0,37.0815570354
-0.0934,0.1033,-1.3366,0.0,37.212348938
-0.0776,0.1011,-1.3366,0.0,37.3277630806
-0.0664,0.0988,-1.3366,0.0,37.4397051334
-0.049,0.1001,-1.3533,0.0,37.5613460541
-0.0354,0.0982,-1.3589,0.0,37.682352066
-0.0058,0.0952,-1.382,0.0,37.8034360409
0.0177,0.094,-1.3998,0.0,37.9226989746
0.037,0.0881,-1.4181,0.0,38.0460510254
0.0595,0.0896,-1.4433,0.0,38.1721761227
0.0804,0.0887,-1.4693,0.0,38.2945210934
0.0965,0.0874,-1.4895,0.0,38.4231281281
0.1106,0.0887,-1.5102,0.0,38.5415179729
0.1256,0.0955,-1.5387,0.0,38.6589419842
0.1294,0.0912,-1.5534,0.0,38.7718639374
0.1266,0.0957,-1.5837,0.0,38.8925380707
0.1285,0.0944,-1.6071,0.0,39.0085999966
0.1228,0.1046,-1.6395,0.0,39.1363129616
0.114,0.1067,-1.6732,0.0,39.2767591476
0.0987,0.1113,-1.6994,0.0,39.3989231586
0.0862,0.1048,-1.7356,0.0,39.518392086
0.0635,0.106,-1.7543,0.0,39.6468141079
0.0375,0.1017,-1.7831,0.0,39.7685501575
0.0076,0.0972,-1.8129,0.0,39.8894181252
-0.0169,0.0916,-1.823,0.0,40.0095551014
-0.0546,0.09,-1.8542,0.0,40.1419429779
-0.0858,0.0838,-1.8542,0.0,40.2653839588
-0.1114,0.0748,-1.8648,0.0,40.3835921288
-0.1436,0.0752,-1.8755,0.0,40.5036029816
-0.172,0.0689,-1.8755,0.0,40.6244859695
-0.1941,0.0689,-1.8755,0.0,40.7416679859
-0.2194,0.0657,-1.8755,0.0,40.8628330231
-0.232,0.0657,-1.8755,0.0,40.992524147
-0.2481,0.0618,-1.8542,0.0,41.1157901287
-0.2652,0.0685,-1.8648,0.0,41.246461153
-0.2777,0.0646,-1.8437,0.0,41.3703351021
-0.2822,0.0635,-1.8129,0.0,41.4964840412
-0.2928,0.0662,-1.8029,0.0,41.6174170971
-0.294,0.0681,-1.7734,0.0,41.7376921177
-0.2922,0.0818,-1.7449,0.0,41.8570330143
-0.2891,0.0809,-1.7264,0.0,41.966506958
-0.2846,0.0825,-1.6994,0.0,42.0970439911
-0.2759,0.0865,-1.6646,0.0,42.2181630135
-0.2649,0.0958,-1.6313,0.0,42.3502409458
-0.2543,0.102,-1.5992,0.0,42.4735090733
-0.2427,0.1085,-1.576,0.0,42.5898139477
-0.2351,0.1128,-1.5609,0.0,42.7052371502
-0.2287,0.1201,-1.5534,0.0,42.8309309483
-0.2209,0.1254,-1.5534,0.0,42.9731760025
-0.2059,0.132,-1.5387,0.0,43.0952060223
-0.1955,0.1346,-1.5387,0.0,43.2224860191
-0.1834,0.1379,-1.5461,0.0,43.3460700512
-0.1729,0.1398,-1.5684,0.0,43.4615719318
-0.1589,0.1418,-1.5609,0.0,43.5845689774
-0.1433,0.1419,-1.5914,0.0,43.7011930943
-0.1407,0.1255,-1.6231,0.0,43.8217270374
-0.12,0.1212,-1.6395,0.0,43.948964119
-0.1017,0.1337,-1.6561,0.0,44.0666360855
-0.091,0.1315,-1.6646,0.0,44.1854040623
-0.0868,0.1336,-1.6905,0.0,44.3054969311
-0.0704,0.1379,-1.7083,0.0,44.4228050709
-0.0686,0.1371,-1.7356,0.0,44.5486540794
-0.0602,0.1349,-1.7449,0.0,44.6752519608
-0.0642,0.1341,-1.7734,0.0,44.8026959896
-0.0642,0.1281,-1.7734,0.0,44.9302151203
-0.0612,0.1221,-1.7734,0.0,45.0623669624
-0.0739,0.1174,-1.7929,0.0,45.1908619404
-0.0839,0.1095,-1.8129,0.0,45.314234972
-0.0961,0.1095,-1.8129,0.0,45.4446129799
-0.1028,0.0978,-1.823,0.0,45.5652730465
-0.1089,0.0947,-1.823,0.0,45.6860380173
-0.1188,0.0921,-1.8333,0.0,45.8025560379
-0.1219,0.1014,-1.8333,0.0,45.9262759686
-0.128,0.1076,-1.8333,0.0,46.0463459492
-0.1327,0.1034,-1.8129,0.0,46.178828001
-0.1343,0.0931,-1.7929,0.0,46.299175024
-0.1388,0.0861,-1.7734,0.0,46.42918396
-0.1529,0.0677,-1.7638,0.0,46.5501811504
-0.1592,0.0578,-1.7356,0.0,46.6797559261
-0.17,0.0517,-1.7264,0.0,46.7987570763
-0.1768,0.0425,-1.7083,0.0,46.9319369793
-0.1807,0.0335,-1.6905,0.0,47.0554070473
-0.1844,0.0275,-1.6732,0.0,47.1849210262
-0.1798,0.0356,-1.6561,0.0,47.3049321175
-0.1752,0.0352,-1.6395,0.0,47.4267971516
-0.1661,0.0351,-1.6313,0.0,47.5417859554
-0.1571,0.0349,-1.6231,0.0,47.6648819447
-0.1393,0.0318,-1.6071,0.0,47.7905669212
-0.1165,0.0369,-1.5914,0.0,47.9210109711
-0.0897,0.0396,-1.5914,0.0,48.0381331444
-0.0763,0.0423,-1.5914,0.0,48.1579940319
-0.057,0.0472,-1.576,0.0,48.2828660011
-0.0256,0.0425,-1.5992,0.0,48.4094409943
-0.0067,0.045,-1.5914,0.0,48.5255160332
0.0176,0.0481,-1.6071,0.0,48.6367740631
0.0336,0.0452,-1.5992,0.0,48.7599411011
0.0533,0.0431,-1.6231,0.0,48.8707270622
0.0711,0.044,-1.6561,0.0,48.9866859913
0.0859,0.0473,-1.6732,0.0,49.1164929867
0.0987,0.0365,-1.6994,0.0,49.2519359589
0.1026,0.0456,-1.7173,0.0,49.3712050915
0.1042,0.0464,-1.7449,0.0,49.4872980118
0.103,0.0531,-1.7734,0.0,49.604213953
0.0945,0.0594,-1.7831,0.0,49.7234990597
0.083,0.078,-1.7929,0.0,49.8327300549
0.0721,0.0885,-1.823,0.0,49.9543130398
0.0478,0.0921,-1.8333,0.0,50.08248806
0.027,0.1044,-1.8864,0.0,50.1930551529
0.0144,0.1082,-1.8974,0.0,50.3061990738
-0.0114,0.1173,-1.9427,0.0,50.4220380783
-0.035,0.1262,-1.9781,0.0,50.5370640755
-0.0489,0.1311,-2.0024,0.0,50.6656680107
-0.0734,0.1327,-2.0274,0.0,50.7949790955
-0.0985,0.1414,-2.0529,0.0,50.9199521542
-0.1312,0.1397,-2.0791,0.0,51.0486421585
-0.1648,0.1343,-2.106,0.0,51.1656711102
-0.1837,0.146,-2.1197,0.0,51.2908830643
-0.2136,0.1469,-2.1336,0.0,51.4065840244
-0.2388,0.1469,-2.1336,0.0,51.5254571438
-0.2711,0.1433,-2.1336,0.0,51.6453130245
-0.3018,0.1443,-2.1477,0.0,51.7692260742
-0.3393,0.1433,-2.1336,0.0,51.8985991478
-0.3728,0.1388,-2.1197,0.0,52.0175199509
-0.4023,0.1343,-2.106,0.0,52.1354739666
-0.4391,0.1326,-2.0791,0.0,52.2545449734
-0.4642,0.1248,-2.0659,0.0,52.3687529564
-0.4927,0.1094,-2.0401,0.0,52.4854850769
-0.5141,0.1034,-1.9902,0.0,52.6139080524
-0.5243,0.1027,-1.9781,0.0,52.738681078
-0.5411,0.0943,-1.9427,0.0,52.8617191315
-0.5476,0.0932,-1.9198,0.0,52.990858078
-0.5476,0.0986,-1.8974,0.0,53.1244580746
-0.5476,0.1069,-1.8755,0.0,53.2561991215
-0.5262,0.1009,-1.823,0.0,53.3782570362
-0.5084,0.0931,-1.7929,0.0,53.4985361099
-0.4823,0.0916,-1.7638,0.0,53.6295859814
-0.463,0.096,-1.7356,0.0,53.7512459755
-0.4361,0.0969,-1.6994,0.0,53.8899240494
-0.4026,0.0993,-1.6905,0.0,54.0132639408
-0.3703,0.1011,-1.6732,0.0,54.1285820007
-0.3376,0.1005,-1.6646,0.0,54.2460539341
-0.3096,0.1005,-1.6646,0.0,54.37520504
-0.2717,0.1028,-1.6561,0.0,54.4983129501
-0.2355,0.0972,-1.6561,0.0,54.6197469234
-0.2087,0.0949,-1.6646,0.0,54.7335381508
-0.1779,0.0977,-1.6646,0.0,54.8543441296
-0.1647,0.1011,-1.6732,0.0,54.9674551487
-0.1416,0.1026,-1.6994,0.0,55.0899879932
-0.1301,0.1026,-1.6994,0.0,55.2180521488
-0.1235,0.1101,-1.7264,0.0,55.3538091183
-0.1202,0.1036,-1.7638,0.0,55.4770441055
-0.1179,0.1161,-1.7734,0.0,55.5930600166
-0.1198,0.1241,-1.8029,0.0,55.7201850414
-0.1243,0.1317,-1.823,0.0,55.8461050987
-0.1212,0.1471,-1.823,0.0,55.9644229412
-0.1295,0.1528,-1.8542,0.0,56.0872409344
-0.1326,0.1528,-1.8542,0.0,56.2078530788
-0.1397,0.1568,-1.8648,0.0,56.3246819973
-0.1334,0.16,-1.8648,0.0,56.4337520599
-0.1381,0.1491,-1.8864,0.0,56.551445961
-0.1476,0.1618,-1.8864,0.0,56.6658890247
-0.154,0.1554,-1.8864,0.0,56.7961010933
-0.1635,0.1491,-1.8864,0.0,56.9280490875
-0.1667,0.1459,-1.8864,0.0,57.054500103
-0.173,0.1522,-1.8864,0.0,57.1682450771
-0.1773,0.1505,-1.8648,0.0,57.2864971161
-0.1805,0.1473,-1.8648,0.0,57.4107339382
-0.1908,0.1332,-1.8437,0.0,57.5243449211
-0.1937,0.1218,-1.8129,0.0,57.6478440762
-0.1996,0.1107,-1.7831,0.0,57.7658259869
-0.2134,0.0981,-1.7734,0.0,57.8974311352
-0.2158,0.0847,-1.7449,0.0,58.020375967
-0.2194,0.0868,-1.7264,0.0,58.151168108
-0.2188,0.0796,-1.6994,0.0,58.2690200806
-0.2148,0.0706,-1.6905,0.0,58.3912220001
-0.207,0.0728,-1.6732,0.0,58.5153939724
-0.1919,0.0639,-1.6646,0.0,58.6455740929
-0.1798,0.0636,-1.6561,0.0,58.7767369747
-0.1575,0.0608,-1.6561,0.0,58.9018321037
-0.1296,0.0608,-1.6561,0.0,59.0304229259
-0.1017,0.058,-1.6561,0.0,59.1547160149
-0.0794,0.0552,-1.6561,0.0,59.2876200676
-0.0485,0.0549,-1.6478,0.0,59.3977980614
-0.0182,0.0527,-1.6646,0.0,59.518859148
0.0014,0.0496,-1.6561,0.0,59.641201973
0.0238,0.0555,-1.6646,0.0,59.7703521252
0.038,0.0586,-1.6732,0.0,59.8929531574
0.0472,0.0538,-1.6994,0.0,60.0194830894
0.0532,0.0598,-1.7083,0.0,60.1464149952
0.0474,0.0772,-1.7083,0.0,60.2747261524
0.0446,0.0801,-1.7083,0.0,60.397313118
0.0394,0.0902,-1.7356,0.0,60.5178790092
0.0367,0.0995,-1.7449,0.0,60.6388790607
0.0193,0.1155,-1.7638,0.0,60.7573599815
0.0134,0.1281,-1.7734,0.0,60.8705251217
-0.0045,0.1447,-1.7929,0.0,60.9812159538
-0.0197,0.1455,-1.8029,0.0,61.0941529274
-0.0322,0.1626,-1.823,0.0,61.2140250206
-0.0534,0.1678,-1.8129,0.0,61.3412530422
-0.0752,0.1811,-1.823,0.0,61.46510005
-0.1008,0.1925,-1.8437,0.0,61.5842139721
-0.1243,0.1965,-1.823,0.0,61.7041180134
-0.1457,0.2057,-1.823,0.0,61.8260691166
-0.1663,0.2077,-1.8129,0.0,61.9393980503
-0.1907,0.2107,-1.8129,0.0,62.0584001541
-0.2078,0.2157,-1.8029,0.0,62.1950170994
-0.2308,0.2175,-1.7929,0.0,62.3207759857
-0.2538,0.214,-1.7638,0.0,62.433079958
-0.2746,0.2117,-1.7449,0.0,62.5442709923
-0.2949,0.2036,-1.7264,0.0,62.665774107
-0.3087,0.1965,-1.6905,0.0,62.7989981174
-0.3292,0.1879,-1.6646,0.0,62.926967144
-0.338,0.185,-1.6395,0.0,63.0602519512
-0.3565,0.1777,-1.6231,0.0,63.1835300922
-0.3701,0.1642,-1.5992,0.0,63.3024570942
-0.3735,0.1558,-1.5684,0.0,63.4221110344
-0.3743,0.155,-1.5609,0.0,63.5424411297
-0.3724,0.1469,-1.5315,0.0,63.661878109
-0.3614,0.1486,-1.4963,0.0,63.7821190357
-0.3499,0.1385,-1.4693,0.0,63.9123361111
-0.3286,0.1397,-1.4306,0.0,64.0406029224
-0.3085,0.1361,-1.3938,0.0,64.163779974
-0.2802,0.135,-1.3589,0.0,64.2886021137
-0.2576,0.1305,-1.3366,0.0,64.4055740833
-0.2285,0.129,-1.2993,0.0,64.5283119678
-0.1997,0.1239,-1.2689,0.0,64.651004076
-0.1805,0.1246,-1.2542,0.0,64.7654531002
-0.1471,0.1169,-1.2399,0.0,64.891502142
-0.1264,0.1151,-1.2213,0.0,65.0078561306
-0.0925,0.1077,-1.2077,0.0,65.1248271465
-0.0653,0.1025,-1.1944,0.0,65.2519600391
-0.0417,0.0995,-1.2077,0.0,65.3787231445
-0.0112,0.0937,-1.2122,0.0,65.5066680908
0.0156,0.0892,-1.2352,0.0,65.6282100677
0.0392,0.0824,-1.2591,0.0,65.7436330318
0.0592,0.0751,-1.2789,0.0,65.8711309433
0.0786,0.0661,-1.315,0.0,65.9931020737
0.087,0.072,-1.3421,0.0,66.1084890366
0.0988,0.0718,-1.382,0.0,66.2386159897
0.1014,0.0713,-1.4181,0.0,66.3608999252
0.1028,0.0795,-1.4369,0.0,66.4832241535
0.0948,0.0834,-1.4627,0.0,66.6128940582
0.089,0.1076,-1.4895,0.0,66.7356209755
0.079,0.1242,-1.5387,0.0,66.8613319397
0.067,0.1313,-1.5609,0.0,66.983271122
0.0517,0.1432,-1.576,0.0,67.1167991161
0.034,0.1604,-1.6151,0.0,67.2363400459
0.0096,0.1703,-1.6313,0.0,67.3587739468
-0.0069,0.1795,-1.6395,0.0,67.4734859467
-0.0322,0.1907,-1.6646,0.0,67.6003520489
-0.063,0.1991,-1.6646,0.0,67.7163529396
-0.0826,0.2019,-1.6646,0.0,67.8372011185
-0.1135,0.2076,-1.6646,0.0,67.9554049969
-0.1316,0.2126,-1.6818,0.0,68.0782439709
-0.1514,0.2211,-1.6818,0.0,68.1979811192
-0.1702,0.232,-1.6994,0.0,68.3282279968
-0.1807,0.2451,-1.6905,0.0,68.4588201046
-0.192,0.2537,-1.6905,0.0,68.5843420029
-0.1929,0.2681,-1.6732,0.0,68.7077610493
-0.1957,0.2794,-1.6732,0.0,68.8320159912
-0.1965,0.285,-1.6561,0.0,68.9655320644
-0.1937,0.2878,-1.6561,0.0,69.0844130516
-0.1826,0.2807,-1.6313,0.0,69.202049017
-0.1743,0.2752,-1.6313,0.0,69.3232281208
-0.1539,0.264,-1.6478,0.0,69.4428451061
-0.138,0.2485,-1.6561,0.0,69.5666780472
-0.1212,0.2373,-1.6561,0.0,69.6911101341
-0.1057,0.22,-1.6313,0.0,69.806358099
-0.0897,0.1961,-1.6395,0.0,69.9186460972
-0.079,0.186,-1.6478,0.0,70.0423409939
-0.0621,0.1767,-1.6395,0.0,70.1625859737
-0.0566,0.1601,-1.6395,0.0,70.2993500233
-0.0488,0.1477,-1.6561,0.0,70.4319031239
-0.0483,0.1323,-1.6395,0.0,70.5603759289
-0.0455,0.1268,-1.6395,0.0,70.6916730404
-0.051,0.1184,-1.6395,0.0,70.8134131432
-0.0538,0.124,-1.6395,0.0,70.9414110184
-0.0587,0.1255,-1.6231,0.0,71.0598120689
-0.0669,0.1173,-1.6231,0.0,71.1772611141
-0.0751,0.1282,-1.6231,0.0,71.2946331501
-0.081,0.1344,-1.6313,0.0,71.4136450291
-0.0938,0.1358,-1.6151,0.0,71.5384931564
-0.1074,0.1413,-1.6151,0.0,71.6594760418
-0.1176,0.1406,-1.6071,0.0,71.7690010071
-0.1386,0.1453,-1.5992,0.0,71.8924820423
-0.146,0.1473,-1.5914,0.0,72.0131890774
-0.1666,0.1439,-1.5837,0.0,72.1333990097
-0.1729,0.1452,-1.5684,0.0,72.2477450371
-0.1834,0.1452,-1.5684,0.0,72.3741829395
-0.1993,0.1452,-1.5684,0.0,72.4934971333
-0.2046,0.1398,-1.5684,0.0,72.6104440689
-0.2062,0.1471,-1.5609,0.0,72.7326309681
-0.2141,0.1524,-1.5609,0.0,72.8516719341
-0.2152,0.1599,-1.5315,0.0,72.9733550549
-0.2162,0.1632,-1.5387,0.0,73.0985519886
-0.2199,0.1692,-1.5461,0.0,73.2253711224
-0.2078,0.1648,-1.5534,0.0,73.3560929298
-0.1957,0.1656,-1.5609,0.0,73.477971077
-0.1861,0.1607,-1.5914,0.0,73.6097121239
-0.1647,0.1554,-1.5914,0.0,73.735574007
-0.1521,0.1507,-1.5992,0.0,73.8583660126
-0.1278,0.1399,-1.5992,0.0,73.9817011356
-0.1122,0.1351,-1.6071,0.0,74.110929966
-0.0982,0.1264,-1.5992,0.0,74.2423770428
-0.0844,0.123,-1.5914,0.0,74.3645460606
-0.0821,0.1182,-1.5992,0.0,74.487416029
-0.0763,0.115,-1.5914,0.0,74.6261270046
-0.071,0.1069,-1.5914,0.0,74.7491810322
-0.0763,0.1042,-1.5914,0.0,74.8745501041
-0.074,0.0966,-1.5992,0.0,74.9892270565
-0.0848,0.0939,-1.5992,0.0,75.1062619686
-0.0821,0.0912,-1.5992,0.0,75.2283239365
-0.092,0.0847,-1.6313,0.0,75.3373200893
-0.0929,0.08,-1.6478,0.0,75.461400032
-0.1012,0.0772,-1.6478,0.0,75.5802829266
-0.1024,0.0788,-1.6231,0.0,75.7058360577
-0.1101,0.0832,-1.6561,0.0,75.8223359585
-0.1129,0.0916,-1.6561,0.0,75.9492280483
-0.1212,0.1,-1.6561,0.0,76.0649499893
-0.1234,0.1023,-1.6478,0.0,76.180519104
-0.1296,0.1112,-1.6561,0.0,76.3031480312
-0.1345,0.1107,-1.6478,0.0,76.4193990231
-0.1428,0.1051,-1.6478,0.0,76.5482749939
-0.1559,0.124,-1.6395,0.0,76.6700489521
-0.1531,0.124,-1.6395,0.0,76.7953801155
-0.1579,0.1261,-1.6313,0.0,76.9126930237
-0.1571,0.131,-1.6231,0.0,77.0297470093
-0.1582,0.1297,-1.6071,0.0,77.1501059532
-0.1594,0.1257,-1.5914,0.0,77.2622311115
-0.157,0.1213,-1.5684,0.0,77.3901939392
-0.1608,0.1175,-1.5534,0.0,77.5150110722
-0.1552,0.1179,-1.5243,0.0,77.6434020996
-0.1563,0.1066,-1.5102,0.0,77.7776601315
-0.1528,0.1116,-1.476,0.0,77.9044830799
-0.1507,0.1052,-1.4562,0.0,78.0340540409
-0.1421,0.1067,-1.4433,0.0,78.1597030163
-0.1336,0.1082,-1.4306,0.0,78.288187027
-0.1224,0.102,-1.412,0.0,78.4075701237
-0.1134,0.0977,-1.4181,0.0,78.5316700935
-0.0978,0.0988,-1.3998,0.0,78.6585519314
-0.0789,0.0964,-1.3998,0.0,78.7802801132
-0.0627,0.0944,-1.4059,0.0,78.9020471573
-0.0487,0.0925,-1.412,0.0,79.0222260952
-0.0351,0.0892,-1.4369,0.0,79.1390259266
-0.0279,0.0921,-1.4433,0.0,79.2546961308
-0.0135,0.088,-1.4562,0.0,79.3704271317
-0.0087,0.0842,-1.476,0.0,79.501996994
-0.0089,0.0933,-1.5032,0.0,79.6240830421
-0.0064,0.0977,-1.5315,0.0,79.757723093
-0.0117,0.1065,-1.5461,0.0,79.8852779865
-0.0225,0.1112,-1.576,0.0,80.0164411068
-0.0362,0.1257,-1.5914,0.0,80.1502280235
-0.0508,0.1344,-1.6313,0.0,80.2704899311
-0.0679,0.1469,-1.6478,0.0,80.3931369781
-0.0887,0.1577,-1.6732,0.0,80.5255100727
-0.1095,0.1793,-1.6905,0.0,80.6610600948
-0.1308,0.1986,-1.7083,0.0,80.786509037
-0.1575,0.2112,-1.7173,0.0,80.9173009396
-0.1816,0.2328,-1.7264,0.0,81.0384149551
-0.1923,0.2412,-1.7449,0.0,81.1567831039
-0.207,0.253,-1.7449,0.0,81.2832069397
-0.2182,0.2677,-1.7638,0.0,81.4116489887
-0.2271,0.2707,-1.7638,0.0,81.5343680382
-0.2373,0.2781,-1.7734,0.0,81.6616311073
-0.2492,0.2871,-1.7734,0.0,81.7909200191
-0.2596,0.2857,-1.7831,0.0,81.9242401123
-0.2641,0.2931,-1.7734,0.0,82.0469589233
-0.2716,0.3095,-1.7638,0.0,82.1613869667
-0.279,0.3137,-1.7543,0.0,82.2714300156
-0.2892,0.315,-1.7449,0.0,82.3921370506
-0.3023,0.3192,-1.7356,0.0,82.509002924
-0.3181,0.3204,-1.7264,0.0,82.6179671288
-0.3332,0.3068,-1.6994,0.0,82.7431530952
-0.3449,0.2964,-1.6732,0.0,82.871833086
-0.3693,0.285,-1.6561,0.0,82.9887859821
-0.3885,0.2752,-1.6313,0.0,83.1005871296
-0.4056,0.2738,-1.6231,0.0,83.218930006
-0.4191,0.2604,-1.5914,0.0,83.3411130905
-0.4263,0.246,-1.5684,0.0,83.4593751431
-0.4291,0.2324,-1.5315,0.0,83.5802741051
-0.4333,0.2292,-1.5102,0.0,83.7031199932
-0.426,0.219,-1.476,0.0,83.8199911118
-0.4166,0.2044,-1.4433,0.0,83.9418709278
-0.4093,0.196,-1.4181,0.0,84.0584001541
-0.3949,0.1926,-1.3762,0.0,84.1815230846
-0.3723,0.1848,-1.3366,0.0,84.3122820854
-0.3524,0.1737,-1.3045,0.0,84.431385994
-0.3261,0.1628,-1.2542,0.0,84.5515201092
-0.3055,0.1576,-1.2305,0.0,84.6738591194
-0.2877,0.1476,-1.2168,0.0,84.7906999588
-0.2634,0.1383,-1.1901,0.0,84.9063410759
-0.2486,0.1309,-1.1772,0.0,85.0261640549
-0.2099,0.1152,-1.1604,0.0,85.1532890797
-0.1898,0.1082,-1.1687,0.0,85.276291132
-0.1682,0.0983,-1.1687,0.0,85.392095089
-0.1432,0.086,-1.1901,0.0,85.5156431198
-0.1297,0.0762,-1.1944,0.0,85.6339960098
-0.1112,0.063,-1.2122,0.0,85.7633171082
-0.1071,0.06,-1.2352,0.0,85.8878891468
-0.107,0.0526,-1.2591,0.0,86.0002391338
-0.1139,0.0495,-1.289,0.0,86.1163201332
-0.1245,0.0481,-1.3097,0.0,86.2321510315
-0.1423,0.0474,-1.3533,0.0,86.3625950813
-0.164,0.0484,-1.382,0.0,86.4911930561
-0.189,0.0501,-1.4306,0.0,86.620000124
-0.212,0.0584,-1.4562,0.0,86.7356951237
-0.2273,0.0642,-1.476,0.0,86.8561911583
-0.2469,0.0723,-1.4895,0.0,86.9717900753
-0.2605,0.0759,-1.5102,0.0,87.0963230133
-0.2834,0.0861,-1.5102,0.0,87.2163021564
-0.286,0.0869,-1.5243,0.0,87.3388421535
-0.2989,0.0921,-1.5243,0.0,87.4631950855
-0.3026,0.1019,-1.5172,0.0,87.5733180046
-0.3012,0.0989,-1.5102,0.0,87.7028460503
-0.2998,0.101,-1.5032,0.0,87.8257160187
-0.2973,0.1061,-1.5032,0.0,87.9519381523
-0.2932,0.1096,-1.4827,0.0,88.0737969875
-0.2881,0.1186,-1.4693,0.0,88.1850011349
-0.2757,0.1151,-1.4562,0.0,88.298525095
-0.2588,0.1106,-1.4306,0.0,88.4182529449
-0.2483,0.1187,-1.412,0.0,88.5464439392
-0.2311,0.1078,-1.3938,0.0,88.6712520123
-0.2128,0.0811,-1.382,0.0,88.7900459766
-0.1895,0.0501,-1.3646,0.0,88.9119751453
-0.175,0.0361,-1.3589,0.0,89.0411639214
-0.1508,0.0153,-1.3477,0.0,89.1712789536
-0.1395,0.0016,-1.3477,0.0,89.3031499386
-0.1118,-0.0098,-1.3421,0.0,89.4284801483
-0.0915,-0.0143,-1.3421,0.0,89.5573661327
-0.0692,-0.0189,-1.3477,0.0,89.6754751205
-0.0492,-0.0191,-1.3589,0.0,89.7965710163
-0.0455,-0.0171,-1.3879,0.0,89.9186029434
-0.0225,-0.0197,-1.4059,0.0,90.048938036
-0.0085,-0.0105,-1.4369,0.0,90.1783380508
-0.0012,-0.0032,-1.476,0.0,90.2942199707
0.0013,0.0018,-1.4963,0.0,90.4193720818
0.0039,0.0148,-1.5387,0.0,90.5391709805
-0.0013,0.0364,-1.5684,0.0,90.6758699417
-0.0094,0.0533,-1.5992,0.0,90.7852170467
-0.0204,0.0702,-1.6151,0.0,90.903523922
-0.0348,0.1,-1.6561,0.0,91.0326430798
-0.0503,0.1176,-1.7083,0.0,91.1649439335
-0.0625,0.1276,-1.7264,0.0,91.2795960903
-0.0876,0.1603,-1.7638,0.0,91.3972001076
-0.1101,0.169,-1.7929,0.0,91.5202300549
-0.1327,0.2015,-1.8129,0.0,91.6300320625
-0.1571,0.2291,-1.8129,0.0,91.7541270256
-0.1877,0.2549,-1.8437,0.0,91.8791179657
-0.22,0.2751,-1.8542,0.0,91.9991829395
-0.2383,0.291,-1.8755,0.0,92.1176309586
-0.2666,0.3136,-1.8974,0.0,92.2366011143
-0.2892,0.3303,-1.9198,0.0,92.3522801399
-0.3071,0.3356,-1.9312,0.0,92.4681260586
-0.322,0.3409,-1.9427,0.0,92.5908401012
-0.3273,0.3429,-1.9543,0.0,92.7072970867
-0.3512,0.3471,-1.9781,0.0,92.8185651302
-0.3479,0.337,-1.9781,0.0,92.9508011341
-0.34,0.329,-1.9902,0.0,93.0731549263
-0.3412,0.3203,-1.9781,0.0,93.2025671005
-0.3312,0.3136,-1.9781,0.0,93.3259100914
-0.3312,0.3036,-1.9781,0.0,93.4458429813
-0.3226,0.2917,-1.9661,0.0,93.5664799213
-0.3122,0.2915,-1.9427,0.0,93.6854231358
-0.3132,0.2864,-1.9085,0.0,93.8051991463
-0.3159,0.2863,-1.8864,0.0,93.9250540733
-0.3242,0.2736,-1.8437,0.0,94.0392980576
-0.3493,0.2629,-1.8129,0.0,94.1670651436
-0.3716,0.2421,-1.7734,0.0,94.2871580124
-0.3992,0.2349,-1.7638,0.0,94.4053869247
-0.4285,0.2182,-1.7264,0.0,94.5258569717
-0.4499,0.2043,-1.7083,0.0,94.6463611126
-0.4765,0.1965,-1.6905,0.0,94.7659339905
-0.4888,0.185,-1.6646,0.0,94.89290905
-0.5003,0.1813,-1.6561,0.0,95.0228700638
-0.5061,0.1804,-1.6478,0.0,95.128893137
-0.5038,0.1758,-1.6313,0.0,95.2599279881
-0.496,0.1741,-1.6151,0.0,95.3878009319
-0.4754,0.1688,-1.5914,0.0,95.5202031136
-0.45,0.1664,-1.5684,0.0,95.6372051239
-0.426,0.171,-1.5387,0.0,95.763600111
-0.3938,0.1643,-1.5243,0.0,95.9048299789
-0.358,0.1646,-1.5032,0.0,96.0281031132
-0.3337,0.1613,-1.4963,0.0,96.1412010193
-0.2968,0.1591,-1.476,0.0,96.2643201351
-0.2757,0.1573,-1.4827,0.0,96.3948221207
-0.2436,0.1559,-1.4693,0.0,96.5119740963
-0.2188,0.1534,-1.4693,0.0,96.6225609779
-0.2015,0.1509,-1.4693,0.0,96.7452580929
-0.1734,0.1397,-1.4827,0.0,96.8669610023
-0.1599,0.1385,-1.4963,0.0,96.9900360107
-0.1461,0.1321,-1.5102,0.0,97.1184439659
-0.1366,0.13,-1.5461,0.0,97.2406160831
-0.1333,0.1239,-1.5684,0.0,97.3675849438
-0.1319,0.1358,-1.5837,0.0,97.4963769913
-0.1359,0.1318,-1.5992,0.0,97.6071779728
-0.1386,0.1372,-1.6313,0.0,97.7285759449
-0.1471,0.1512,-1.6646,0.0,97.8500130177
-0.1571,0.1613,-1.6818,0.0,97.9691431522
-0.1599,0.1784,-1.6818,0.0,98.0880689621
-0.1835,0.1969,-1.7449,0.0,98.2039411068
-0.1884,0.2105,-1.7356,0.0,98.3248591423
-0.1972,0.2194,-1.7356,0.0,98.4408519268
-0.2033,0.2319,-1.7638,0.0,98.5529611111
-0.2104,0.2421,-1.7734,0.0,98.6715991497
-0.2104,0.2481,-1.7734,0.0,98.787225008
-0.2206,0.2585,-1.7831,0.0,98.9064950943
-0.2326,0.2706,-1.7831,0.0,99.0354580879
-0.2399,0.2721,-1.7929,0.0,99.1528921127
-0.2476,0.2736,-1.7831,0.0,99.2741200924
-0.2596,0.2857,-1.7831,0.0,99.3865940571
-0.2657,0.2886,-1.7638,0.0,99.514922142
-0.2775,0.2973,-1.7449,0.0,99.6441299915
-0.2906,0.2957,-1.7356,0.0,99.7694499493
-0.3078,0.2897,-1.7173,0.0,99.8989889622
-0.3177,0.2882,-1.7083,0.0,100.020853043
-0.3297,0.2809,-1.6818,0.0,100.145228148
-0.3376,0.2836,-1.6646,0.0,100.273301125
-0.339,0.2696,-1.6313,0.0,100.397474051
-0.3401,0.2793,-1.6231,0.0,100.527284145
-0.3351,0.2671,-1.5992,0.0,100.647228956
-0.3238,0.2671,-1.5837,0.0,100.77700305
-0.3101,0.2646,-1.5684,0.0,100.898088932
-0.2955,0.258,-1.5609,0.0,101.01760006
-0.2784,0.2518,-1.5387,0.0,101.137653112
-0.2577,0.2465,-1.5387,0.0,101.269245148
-0.2322,0.2339,-1.5243,0.0,101.388106108
-0.2148,0.2266,-1.5102,0.0,101.51040411
-0.1876,0.2195,-1.4963,0.0,101.633612156
-0.175,0.2094,-1.4963,0.0,101.765123129
-0.1466,0.2009,-1.4895,0.0,101.902702093
-0.1233,0.1832,-1.5102,0.0,102.017657042
-0.1126,0.1747,-1.5032,0.0,102.134449959
-0.0988,0.1566,-1.5243,0.0,102.262479067
-0.0936,0.1617,-1.5243,0.0,102.386219978
-0.0906,0.1497,-1.5609,0.0,102.501548052
-0.0884,0.1505,-1.5684,0.0,102.617603064
-0.0924,0.15,-1.5914,0.0,102.735059977
-0.0992,0.1495,-1.6151,0.0,102.851521969
-0.1068,0.1497,-1.6478,0.0,102.983017921
-0.1209,0.1536,-1.6905,0.0,103.105236053
-0.1322,0.1569,-1.7264,0.0,103.228013992
-0.1467,0.1831,-1.7264,0.0,103.357403994
-0.1698,0.192,-1.7543,0.0,103.473346949
-0.1903,0.2065,-1.7264,0.0,103.586570978
-0.2122,0.2229,-1.7638,0.0,103.715641022
-0.233,0.2289,-1.7638,0.0,103.832638979
-0.2492,0.2331,-1.7734,0.0,103.946777105
-0.2715,0.2462,-1.8029,0.0,104.065983057
-0.2806,0.2492,-1.8029,0.0,104.188174963
-0.2944,0.2598,-1.8129,0.0,104.303115129
-0.2944,0.2629,-1.8129,0.0,104.427854061
-0.3053,0.2613,-1.823,0.0,104.537541151
-0.311,0.2553,-1.8029,0.0,104.659279108
-0.3171,0.2553,-1.8029,0.0,104.787083149
-0.3178,0.2481,-1.7734,0.0,104.902719975
-0.325,0.2438,-1.7638,0.0,105.018845081
-0.3257,0.234,-1.7356,0.0,105.128504992
-0.3263,0.2246,-1.7083,0.0,105.242697954
-0.3309,0.2171,-1.6732,0.0,105.363124132
-0.3342,0.2138,-1.6478,0.0,105.483428955
-0.3373,0.2024,-1.6231,0.0,105.598822117
-0.3351,0.1994,-1.5992,0.0,105.720818043
-0.3276,0.1939,-1.576,0.0,105.829059124
-0.3244,0.1894,-1.5609,0.0,105.945311069
-0.3098,0.1858,-1.5534,0.0,106.068952084
-0.3017,0.1841,-1.5387,0.0,106.190140963
-0.2861,0.1789,-1.5387,0.0,106.300143957
-0.2693,0.1754,-1.5315,0.0,106.416131973
-0.2461,0.1754,-1.5315,0.0,106.536277056
-0.2281,0.1728,-1.5315,0.0,106.658334017
-0.1988,0.172,-1.5243,0.0,106.775619984
-0.1774,0.171,-1.5387,0.0,106.907151937
-0.151,0.1682,-1.5609,0.0,107.031461954
-0.1372,0.1674,-1.5534,0.0,107.149491072
-0.1227,0.1664,-1.5684,0.0,107.269463062
-0.1225,0.1561,-1.5992,0.0,107.38876605
-0.1149,0.1515,-1.6071,0.0,107.52185607
-0.1161,0.153,-1.6231,0.0,107.641588926
-0.1228,0.1573,-1.6395,0.0,107.761321068
-0.1268,0.1533,-1.6561,0.0,107.878260136
-0.1373,0.1528,-1.6818,0.0,107.998449087
-0.145,0.152,-1.6732,0.0,108.116379976
-0.1567,0.161,-1.7083,0.0,108.251085043
-0.1693,0.165,-1.6905,0.0,108.374134064
-0.1863,0.1622,-1.6905,0.0,108.504097939
-0.2009,0.1618,-1.7173,0.0,108.63195014
-0.2066,0.1589,-1.7173,0.0,108.761404037
-0.2245,0.1544,-1.6994,0.0,108.875154018
-0.2331,0.1515,-1.6994,0.0,108.994455099
-0.2502,0.1343,-1.6994,0.0,109.111173153
-0.2617,0.14,-1.6994,0.0,109.22201705
-0.2731,0.1343,-1.6994,0.0,109.345592976
-0.2859,0.1307,-1.6905,0.0,109.474570036
-0.283,0.1265,-1.6732,0.0,109.602702141
-0.2899,0.1146,-1.6646,0.0,109.712980986
-0.2981,0.1051,-1.6478,0.0,109.837939024
-0.2951,0.0958,-1.6313,0.0,109.967689037
-0.2936,0.0871,-1.6231,0.0,110.097860098
-0.2825,0.0854,-1.5914,0.0,110.226408005
-0.2705,0.0815,-1.5684,0.0,110.342261076
-0.26,0.0682,-1.5684,0.0,110.45986414
-0.2459,0.0751,-1.5461,0.0,110.576460123
-0.2318,0.0747,-1.5387,0.0,110.690920115
-0.2136,0.0799,-1.5387,0.0,110.821527958
-0.1972,0.0796,-1.5315,0.0,110.948174953
-0.1774,0.0877,-1.5387,0.0,111.06578207
-0.1696,0.0929,-1.5387,0.0,111.177880049
-0.1477,0.0938,-1.5534,0.0,111.290426016
-0.1353,0.1048,-1.5609,0.0,111.413753033
-0.1159,0.1064,-1.5837,0.0,111.521616936
-0.1058,0.1096,-1.5914,0.0,111.649508953
-0.1029,0.1151,-1.6313,0.0,111.780194998
-0.1023,0.1259,-1.6646,0.0,111.910419941
-0.1056,0.135,-1.6732,0.0,112.035876036
-0.113,0.1285,-1.6994,0.0,112.164925098
-0.117,0.1502,-1.7173,0.0,112.287510157
-0.1365,0.1733,-1.7449,0.0,112.405360937
-0.1424,0.1792,-1.7449,0.0,112.540282011
-0.1597,0.1851,-1.7734,0.0,112.658295155
-0.1735,0.1902,-1.7929,0.0,112.775134087
-0.1836,0.1943,-1.8029,0.0,112.908885956
-0.2029,0.1954,-1.8129,0.0,113.031049967
-0.2268,0.2038,-1.8333,0.0,113.153095007
-0.2467,0.1925,-1.8437,0.0,113.269927025
-0.2637,0.1873,-1.8542,0.0,113.382015944
-0.287,0.1831,-1.8437,0.0,113.504491091
-0.3025,0.1831,-1.8437,0.0,113.612810135
-0.3242,0.1831,-1.8437,0.0,113.728693962
-0.3452,0.1811,-1.823,0.0,113.845118046
-0.3585,0.1708,-1.8129,0.0,113.951969147
-0.3929,0.1486,-1.8029,0.0,114.074223995
-0.4036,0.1379,-1.7831,0.0,114.197539091
-0.4319,0.1244,-1.7638,0.0,114.326406002
-0.4483,0.1136,-1.7356,0.0,114.443097115
-0.4605,0.1072,-1.7264,0.0,114.561674118
-0.4676,0.1026,-1.6994,0.0,114.688322067
-0.4741,0.1016,-1.6818,0.0,114.809066057
-0.4668,0.1056,-1.6561,0.0,114.922449112
-0.4543,0.1041,-1.6313,0.0,115.046988964
-0.4411,0.1063,-1.6231,0.0,115.166365147
-0.4158,0.1101,-1.5992,0.0,115.284810066
-0.3859,0.1139,-1.576,0.0,115.408134937
-0.37,0.1165,-1.576,0.0,115.528100967
-0.3402,0.118,-1.5609,0.0,115.664376974
-0.3124,0.1227,-1.5534,0.0,115.77895093
-0.2836,0.1242,-1.5387,0.0,115.895303011
-0.2667,0.1352,-1.5461,0.0,116.016129971
-0.2447,0.1372,-1.5387,0.0,116.139467001
-0.2261,0.1438,-1.5534,0.0,116.268149137
-0.2065,0.1466,-1.5837,0.0,116.376946926
-0.1978,0.1534,-1.5992,0.0,116.495044947
-0.1871,0.1557,-1.6231,0.0,116.617659092
-0.1807,0.1656,-1.6395,0.0,116.750877142
-0.1723,0.1625,-1.6646,0.0,116.87646699
-0.1664,0.1793,-1.6905,0.0,117.00384593
-0.1682,0.1986,-1.7083,0.0,117.133686066
-0.1738,0.2076,-1.7356,0.0,117.253292084
-0.1796,0.217,-1.7638,0.0,117.383239031
-0.1896,0.2187,-1.8029,0.0,117.50423193
-0.204,0.2212,-1.823,0.0,117.635092974
-0.22,0.2187,-1.8542,0.0,117.757496119
-0.2415,0.2275,-1.8755,0.0,117.88140893
-0.2587,0.2257,-1.8864,0.0,118.011489153
-0.2859,0.2199,-1.9198,0.0,118.142961979
-0.3039,0.2212,-1.9312,0.0,118.262258053
-0.322,0.2258,-1.9427,0.0,118.375872135
-0.3449,0.2258,-1.9427,0.0,118.493494987
-0.3645,0.2324,-1.9427,0.0,118.609846115
-0.3842,0.2324,-1.9427,0.0,118.732996941
-0.4144,0.231,-1.9312,0.0,118.861443996
-0.4534,0.2277,-1.9312,0.0,118.991622925
-0.4898,0.2186,-1.9085,0.0,119.118037939
-0.5254,0.2065,-1.8864,0.0,119.23934412
-0.5729,0.1926,-1.8755,0.0,119.376605034
-0.6124,0.1728,-1.8333,0.0,119.495947123
-0.6544,0.1586,-1.8129,0.0,119.606513977
-0.6902,0.1486,-1.8029,0.0,119.724740028
-0.7267,0.1311,-1.7734,0.0,119.838197947
-0.7484,0.1238,-1.7543,0.0,119.962913036
-0.7714,0.1189,-1.7264,0.0,120.094202042
-0.7834,0.1061,-1.7083,0.0,120.219920158
-0.7854,0.0959,-1.6818,0.0,120.333136082
-0.7734,0.0944,-1.6561,0.0,120.441867113
-0.758,0.0843,-1.6231,0.0,120.563540936
-0.7325,0.0827,-1.5914,0.0,120.682529926
-0.7087,0.0815,-1.5684,0.0,120.805660963
-0.6714,0.0847,-1.5315,0.0,120.938035011
-0.6258,0.0828,-1.4963,0.0,121.054666042
-0.5901,0.082,-1.4827,0.0,121.186954021
-0.5404,0.0851,-1.4497,0.0,121.310653925
-0.4969,0.0819,-1.4369,0.0,121.429094076
-0.4503,0.0853,-1.412,0.0,121.548269033
-0.4194,0.0877,-1.412,0.0,121.669537067
-0.3695,0.0877,-1.412,0.0,121.789236069
-0.3277,0.0921,-1.4059,0.0,121.904494047
-0.2924,0.0881,-1.4181,0.0,122.032464027
-0.2623,0.0925,-1.4497,0.0,122.167052031
-0.2213,0.0912,-1.4693,0.0,122.295963049
-0.191,0.0908,-1.5032,0.0,122.428823948
-0.1652,0.0908,-1.5461,0.0,122.546970129
-0.1491,0.0947,-1.5684,0.0,122.668771982
-0.1297,0.0925,-1.6231,0.0,122.79799509
-0.1163,0.0808,-1.6646,0.0,122.914603949
-0.1072,0.0911,-1.6994,0.0,123.04679513
-0.0949,0.0872,-1.7356,0.0,123.165488958
-0.09,0.0971,-1.7543,0.0,123.280081034
-0.0945,0.1107,-1.7831,0.0,123.388252974
-0.0956,0.118,-1.8029,0.0,123.496421099
-0.0997,0.1255,-1.823,0.0,123.617316008
-0.1095,0.1356,-1.8333,0.0,123.723297119
-0.1288,0.1426,-1.8437,0.0,123.832721949
-0.135,0.1426,-1.8437,0.0,123.970845938
-0.1536,0.1488,-1.8437,0.0,124.093929052
-0.1794,0.1465,-1.8542,0.0,124.212475061
-0.1877,0.1457,-1.8437,0.0,124.328722954
-0.2063,0.1363,-1.8437,0.0,124.441374063
-0.2206,0.1418,-1.8333,0.0,124.564332008
-0.2242,0.1402,-1.8129,0.0,124.679713964
-0.2395,0.134,-1.8129,0.0,124.800972939
-0.2395,0.1279,-1.8129,0.0,124.92037797
-0.2378,0.1194,-1.823,0.0,125.038727999
-0.2364,0.1095,-1.8129,0.0,125.15113306
-0.2278,0.0931,-1.7929,0.0,125.27256608
-0.2169,0.0875,-1.8029,0.0,125.39963007
-0.2157,0.078,-1.7929,0.0,125.51742506
-0.2059,0.0635,-1.8129,0.0,125.639842987
-0.1876,0.0604,-1.8129,0.0,125.764052153
-0.1722,0.049,-1.8437,0.0,125.901556969
-0.1513,0.043,-1.8542,0.0,126.03404808
-0.1397,0.0369,-1.8648,0.0,126.158483028
-0.1317,0.0246,-1.8864,0.0,126.275434017
-0.1293,0.0183,-1.8974,0.0,126.394238949
-0.1172,0.0119,-1.9085,0.0,126.516830921
-0.1284,0.0023,-1.9312,0.0,126.630650997
-0.1357,0.0023,-1.9427,0.0,126.751932144
-0.1488,-0.0076,-1.9427,0.0,126.876650095
-0.1628,-0.0109,-1.9543,0.0,127.010968924
-0.1792,-0.0142,-1.9543,0.0,127.13312602
-0.1936,-0.0077,-1.9661,0.0,127.245955944
-0.2076,-0.0043,-1.9427,0.0,127.373831987
-0.2259,-0.014,-1.9312,0.0,127.488799095
-0.2439,-0.0205,-1.9198,0.0,127.622364044
-0.2634,-0.0266,-1.8974,0.0,127.745204926
-0.2825,-0.0295,-1.8755,0.0,127.86246109
-0.2903,-0.0293,-1.8648,0.0,127.977198124
-0.2994,-0.029,-1.8437,0.0,128.092700958
-0.2975,-0.0316,-1.8129,0.0,128.216150045
-0.2944,-0.05,-1.8129,0.0,128.338091135
-0.2761,-0.0585,-1.7929,0.0,128.462064981
-0.2686,-0.0643,-1.7831,0.0,128.573786974
-0.2446,-0.0733,-1.7831,0.0,128.702979088
-0.2313,-0.0759,-1.7734,0.0,128.831095934
-0.2127,-0.0798,-1.7929,0.0,128.964823961
-0.1785,-0.096,-1.8129,0.0,129.079751015
-0.1602,-0.0807,-1.8129,0.0,129.198712111
-0.1427,-0.0811,-1.823,0.0,129.311120033
-0.1177,-0.0893,-1.8648,0.0,129.440117121
-0.1045,-0.07,-1.8542,0.0,129.55885911
-0.1051,-0.0672,-1.8648,0.0,129.676968098
-0.0926,-0.0577,-1.8648,0.0,129.793092012
-0.0963,-0.0454,-1.8755,0.0,129.922896147
-0.1089,-0.0327,-1.8755,0.0,130.054213047
-0.1222,-0.0201,-1.8864,0.0,130.170552969
-0.1381,-0.0105,-1.8864,0.0,130.291075945
-0.1549,0.0087,-1.8974,0.0,130.405658007
-0.1783,0.0313,-1.9085,0.0,130.520950079
-0.1987,0.038,-1.9198,0.0,130.641571999
-0.2226,0.0513,-1.9312,0.0,130.76264596
-0.2389,0.0611,-1.9312,0.0,130.884604931
-0.2584,0.0742,-1.9312,0.0,131.008326054
-0.2876,0.084,-1.9312,0.0,131.127715111
-0.3006,0.1068,-1.9312,0.0,131.260026932
-0.315,0.116,-1.9198,0.0,131.390100002
-0.3228,0.125,-1.9085,0.0,131.501511097
-0.3273,0.1371,-1.8974,0.0,131.632977962
-0.3298,0.1514,-1.8755,0.0,131.754137993
-0.3248,0.1537,-1.8648,0.0,131.879997969
-0.323,0.1622,-1.8542,0.0,132.00210309
-0.3198,0.1716,-1.8542,0.0,132.126551151
-0.2994,0.1769,-1.8437,0.0,132.253343105
-0.2839,0.1862,-1.8437,0.0,132.374230146
-0.2622,0.1956,-1.8437,0.0,132.494934082
-0.2481,0.203,-1.8542,0.0,132.623921156
-0.2244,0.2136,-1.8648,0.0,132.753998041
-0.2048,0.2225,-1.8864,0.0,132.870283127
-0.1794,0.2352,-1.8864,0.0,132.979017973
-0.1698,0.2448,-1.8864,0.0,133.094974041
-0.159,0.2541,-1.9085,0.0,133.213534117
0.0,0.1,0.0,1.0,133.325566053
-0.1341,0.2719,-1.9198,0.0,133.45639801
-0.1316,0.2735,-1.9312,0.0,133.524416924
-0.1324,0.2784,-1.9427,0.0,133.646496058
-0.1307,0.2951,-1.9661,0.0,133.769526005
-0.1315,0.2935,-1.9781,0.0,133.880582094
-0.1356,0.302,-1.9902,0.0,134.010123014
-0.1365,0.3141,-2.0024,0.0,134.130789042
-0.1475,0.3262,-2.0148,0.0,134.265872002
-0.1509,0.3467,-2.0148,0.0,134.395816088
-0.1668,0.3513,-2.0024,0.0,134.506385088
-0.1837,0.3615,-2.0024,0.0,134.617937088
-0.2039,0.3649,-2.0024,0.0,134.746592999
-0.2361,0.366,-1.9902,0.0,134.864186049
-0.2679,0.3649,-2.0024,0.0,134.98895812
-0.3117,0.3649,-2.0024,0.0,135.108094931
-0.3645,0.3569,-2.0148,0.0,135.23184514
-0.4018,0.3501,-2.0148,0.0,135.36305213
-0.4589,0.3351,-2.0274,0.0,135.481667995
-0.5201,0.3234,-2.0401,0.0,135.613188028
-0.5719,0.3135,-2.0659,0.0,135.741317034
-0.6132,0.2977,-2.0529,0.0,135.857834101
-0.6478,0.2838,-2.0529,0.0,135.986819983
-0.6867,0.2716,-2.0659,0.0,136.1042521
-0.711,0.2611,-2.0659,0.0,136.231857061
-0.7353,0.2541,-2.0659,0.0,136.348823071
-0.7458,0.2436,-2.0659,0.0,136.474123955
-0.7502,0.2302,-2.0401,0.0,136.601249933
-0.7536,0.2268,-2.0401,0.0,136.728589058
-0.7409,0.224,-2.0148,0.0,136.856261969
-0.723,0.2119,-1.9661,0.0,136.982398033
-0.7036,0.2114,-1.9312,0.0,137.099220991
-0.6913,0.2077,-1.8974,0.0,137.216828108
-0.6669,0.2104,-1.8648,0.0,137.333914042
-0.6433,0.2007,-1.8333,0.0,137.453065157
-0.6137,0.2073,-1.7831,0.0,137.579635143
-0.589,0.2158,-1.7543,0.0,137.69987607
-0.568,0.2153,-1.7264,0.0,137.818696976
-0.5506,0.2199,-1.7173,0.0,137.927608013
-0.5305,0.2205,-1.6994,0.0,138.047455072
-0.5076,0.2205,-1.6994,0.0,138.170535088
-0.4876,0.2205,-1.6994,0.0,138.290986061
-0.4643,0.2217,-1.7083,0.0,138.413780928
-0.4321,0.2141,-1.7173,0.0,138.534883976
-0.4068,0.2072,-1.7083,0.0,138.650012016
-0.3773,0.2028,-1.7449,0.0,138.767079115
-0.3606,0.199,-1.7638,0.0,138.893485069
-0.3376,0.2042,-1.7831,0.0,139.020987988
-0.314,0.2004,-1.8029,0.0,139.143264055
-0.2961,0.2057,-1.823,0.0,139.266128063
-0.2886,0.2061,-1.8542,0.0,139.379878998
-0.2746,0.2041,-1.8648,0.0,139.50088501
-0.2651,0.2097,-1.8864,0.0,139.630981922
-0.2666,0.2109,-1.8974,0.0,139.748616934
-0.2602,0.2173,-1.8974,0.0,139.87369895
-0.2634,0.2205,-1.8974,0.0,140.003414154
-0.2778,0.2186,-1.9085,0.0,140.134431124
-0.2858,0.2205,-1.8974,0.0,140.254755974
-0.3,0.2288,-1.8864,0.0,140.377110004
-0.3209,0.2462,-1.8974,0.0,140.50988698
-0.3393,0.2497,-1.8755,0.0,140.633058071
-0.3646,0.2466,-1.8755,0.0,140.747975111
-0.3925,0.2455,-1.8437,0.0,140.871756077
-0.4211,0.2441,-1.8333,0.0,140.991425991
-0.4561,0.2322,-1.8129,0.0,141.119827032
-0.4909,0.2211,-1.7734,0.0,141.252231121
-0.527,0.2128,-1.7543,0.0,141.373235941
-0.5477,0.2065,-1.7264,0.0,141.489808083
-0.5733,0.1994,-1.6905,0.0,141.613098145
-0.5895,0.1981,-1.6561,0.0,141.73252511
-0.5971,0.1979,-1.6313,0.0,141.854854107
-0.5959,0.1823,-1.5914,0.0,141.973335028
-0.5926,0.177,-1.5684,0.0,142.092780113
-0.5788,0.1841,-1.5387,0.0,142.226616144
-0.5527,0.1613,-1.4963,0.0,142.35432601
-0.5255,0.1633,-1.4693,0.0,142.487807035
-0.4899,0.1614,-1.4306,0.0,142.607530117
-0.4737,0.1624,-1.4181,0.0,142.732227087
-0.4229,0.1532,-1.3998,0.0,142.845824003
-0.3965,0.156,-1.382,0.0,142.968888998
-0.354,0.1523,-1.3704,0.0,143.08878994
-0.3033,0.1477,-1.3704,0.0,143.207741976
-0.2744,0.1471,-1.3646,0.0,143.330111027
-0.2331,0.1471,-1.3646,0.0,143.450777054
-0.1982,0.1479,-1.3938,0.0,143.572292089
-0.1762,0.1463,-1.4243,0.0,143.689599991
-0.1556,0.1471,-1.4562,0.0,143.821233034
-0.1416,0.1353,-1.4895,0.0,143.94206214
-0.1341,0.1456,-1.5172,0.0,144.058387995
-0.1274,0.1471,-1.5609,0.0,144.188496113
-0.1332,0.1507,-1.5992,0.0,144.302869081
-0.1386,0.1565,-1.6313,0.0,144.418121099
-0.1527,0.1653,-1.6646,0.0,144.545917988
-0.1636,0.1765,-1.6905,0.0,144.671240091
-0.1874,0.1948,-1.7264,0.0,144.796837091
-0.2088,0.2047,-1.7356,0.0,144.916517973
-0.2406,0.2158,-1.7543,0.0,145.034359932
-0.2611,0.2241,-1.7734,0.0,145.151989937
-0.2836,0.2254,-1.7831,0.0,145.272766113
-0.3016,0.2284,-1.7831,0.0,145.401551962
-0.3262,0.237,-1.8029,0.0,145.522578955
-0.3425,0.2357,-1.7929,0.0,145.646058083
-0.3576,0.2387,-1.7929,0.0,145.776227951
-0.3706,0.2374,-1.7831,0.0,145.897599936
-0.3805,0.2301,-1.7734,0.0,146.022105932
-0.3844,0.2349,-1.7638,0.0,146.149591923
-0.3832,0.2264,-1.7449,0.0,146.264764071
-0.385,0.2211,-1.7264,0.0,146.383718967
-0.3732,0.2119,-1.6994,0.0,146.509942055
-0.3628,0.2019,-1.6646,0.0,146.640810966
-0.3518,0.1906,-1.6395,0.0,146.760533094
-0.333,0.1823,-1.6151,0.0,146.884551048
-0.3227,0.1742,-1.5914,0.0,147.000976086
-0.3105,0.168,-1.5837,0.0,147.121763945
-0.2931,0.1619,-1.576,0.0,147.237164021
-0.2864,0.1558,-1.5684,0.0,147.348648071
-0.2665,0.15,-1.5914,0.0,147.468533039
-0.2504,0.1419,-1.5914,0.0,147.592061996
-0.237,0.1365,-1.5914,0.0,147.721483946
-0.221,0.1317,-1.6313,0.0,147.849956989
-0.2216,0.1309,-1.6561,0.0,147.970458031
-0.2115,0.1287,-1.6646,0.0,148.094288111
-0.212,0.1279,-1.6905,0.0,148.213084936
-0.2131,0.1314,-1.6994,0.0,148.328552008
-0.2205,0.1371,-1.7356,0.0,148.44810605
-0.2241,0.1364,-1.7638,0.0,148.564525127
-0.2313,0.1401,-1.7734,0.0,148.682771921
-0.2412,0.1455,-1.8029,0.0,148.797872066
-0.2533,0.1455,-1.8029,0.0,148.909182072
-0.2639,0.1494,-1.8129,0.0,149.038020134
-0.2869,0.141,-1.823,0.0,149.16647315
-0.3053,0.144,-1.823,0.0,149.294578075
-0.3286,0.1418,-1.8333,0.0,149.423723936
-0.3409,0.148,-1.8333,0.0,149.540576935
-0.3594,0.1511,-1.8333,0.0,149.655957937
-0.3676,0.1432,-1.8129,0.0,149.773625135
-0.3829,0.1432,-1.8129,0.0,149.896408081
-0.399,0.1455,-1.8029,0.0,150.015250921
-0.4074,0.1311,-1.7734,0.0,150.133468151
-0.4214,0.1261,-1.7449,0.0,150.249181032
-0.4337,0.1195,-1.7356,0.0,150.362579107
-0.4442,0.1119,-1.7083,0.0,150.482290983
-0.4509,0.1021,-1.6905,0.0,150.605458021
-0.4529,0.0972,-1.6561,0.0,150.734581947
-0.4493,0.0953,-1.6231,0.0,150.864608049
-0.4352,0.0988,-1.5914,0.0,150.986099958
-0.4263,0.0947,-1.5684,0.0,151.104547977
-0.4104,0.0982,-1.5387,0.0,151.227610111
-0.3894,0.0916,-1.5172,0.0,151.354288101
-0.3681,0.0933,-1.5032,0.0,151.470704079
-0.3428,0.0908,-1.5032,0.0,151.588225126
-0.315,0.0883,-1.5032,0.0,151.710281134
-0.2897,0.0857,-1.5032,0.0,151.823076963
-0.263,0.0861,-1.5102,0.0,151.953504086
-0.2376,0.0861,-1.5102,0.0,152.07053113
-0.2188,0.0877,-1.5387,0.0,152.185980082
-0.1981,0.0877,-1.5387,0.0,152.313640118
-0.1799,0.089,-1.5609,0.0,152.432232141
-0.1647,0.0934,-1.5914,0.0,152.559632063
-0.1661,0.0875,-1.6313,0.0,152.682592154
-0.1639,0.1062,-1.6646,0.0,152.807596922
-0.1644,0.1084,-1.6994,0.0,152.930536032
-0.17,0.1189,-1.7264,0.0,153.055251122
-0.1777,0.1349,-1.7449,0.0,153.169381142
-0.1966,0.1469,-1.7831,0.0,153.28698802
-0.212,0.1555,-1.8129,0.0,153.410680056
-0.2237,0.1635,-1.8333,0.0,153.537583113
-0.2338,0.1694,-1.8648,0.0,153.664212942
-0.246,0.1778,-1.8864,0.0,153.797261953
-0.2539,0.182,-1.8974,0.0,153.916031122
-0.2601,0.1842,-1.9198,0.0,154.042376041
-0.273,0.1874,-1.9198,0.0,154.163589954
-0.2779,0.1951,-1.9312,0.0,154.291224957
-0.2876,0.1951,-1.9312,0.0,154.404325008
-0.2956,0.2134,-1.9198,0.0,154.523502111
-0.3035,0.2218,-1.9085,0.0,154.63975811
-0.3177,0.2334,-1.8974,0.0,154.771999121
-0.333,0.2339,-1.8755,0.0,154.888144016
-0.3468,0.2357,-1.8648,0.0,155.00259614
-0.3687,0.2286,-1.8333,0.0,155.131762981
-0.4012,0.2261,-1.8129,0.0,155.241367102
-0.4209,0.2266,-1.7929,0.0,155.369388103
-0.4408,0.217,-1.7638,0.0,155.486128092
-0.4596,0.2146,-1.7449,0.0,155.604689121
-0.4729,0.2072,-1.7083,0.0,155.725386143
-0.4876,0.2004,-1.6994,0.0,155.848941088
-0.4972,0.1991,-1.6646,0.0,155.968160152
-0.4958,0.1942,-1.6231,0.0,156.087917089
-0.4939,0.194,-1.5992,0.0,156.207597017
-0.4873,0.192,-1.5609,0.0,156.322477102
-0.4778,0.1919,-1.5387,0.0,156.448922157
-0.4575,0.1883,-1.4895,0.0,156.576189041
-0.4374,0.189,-1.4562,0.0,156.697751045
-0.4129,0.1905,-1.4306,0.0,156.81914711
-0.3885,0.188,-1.412,0.0,156.937240124
-0.3687,0.1888,-1.3998,0.0,157.059649944
-0.3477,0.1934,-1.382,0.0,157.17762804
-0.3188,0.1919,-1.3879,0.0,157.306510925
-0.2872,0.1957,-1.382,0.0,157.434551001
-0.257,0.1934,-1.382,0.0,157.550312042
-0.2425,0.1967,-1.4059,0.0,157.677734137
-0.2131,0.1929,-1.4306,0.0,157.799268961
-0.1752,0.1742,-1.4562,0.0,157.918621063
-0.1577,0.1616,-1.476,0.0,158.048705101
-0.1341,0.1456,-1.5172,0.0,158.177700996
-0.1152,0.1294,-1.5387,0.0,158.287621975
-0.1069,0.1186,-1.5684,0.0,158.412166119
-0.0978,0.1123,-1.5914,0.0,158.545849085
-0.0997,0.1035,-1.6231,0.0,158.676614046
-0.104,0.1051,-1.6478,0.0,158.807783127
-0.1073,0.1112,-1.6561,0.0,158.930282116
-0.1323,0.1221,-1.6905,0.0,159.045639038
-0.1408,0.1279,-1.6905,0.0,159.169510126
-0.1607,0.1364,-1.6905,0.0,159.294620037
-0.1883,0.1494,-1.7083,0.0,159.422045946
-0.2182,0.1589,-1.7173,0.0,159.540544033
-0.2497,0.1694,-1.7356,0.0,159.655709982
-0.2687,0.1715,-1.7264,0.0,159.777034998
-0.3007,0.1802,-1.7264,0.0,159.901682138
-0.321,0.1773,-1.7264,0.0,160.017367125
-0.3472,0.1831,-1.7264,0.0,160.147298098
-0.3695,0.1871,-1.7356,0.0,160.265730143
-0.3762,0.189,-1.7264,0.0,160.377453089
-0.3867,0.2043,-1.7083,0.0,160.503849983
-0.3932,0.2062,-1.6994,0.0,160.618710041
-0.4033,0.2069,-1.6818,0.0,160.738867998
-0.4048,0.2019,-1.6646,0.0,160.866241932
-0.4111,0.1914,-1.6231,0.0,160.989336014
-0.4131,0.177,-1.5684,0.0,161.114877939
-0.424,0.1677,-1.5315,0.0,161.238873005
-0.4364,0.1493,-1.5032,0.0,161.377216101
-0.4433,0.136,-1.4433,0.0,161.496801138
-0.4417,0.1248,-1.3998,0.0,161.610721111
-0.4421,0.1171,-1.3646,0.0,161.736133099
-0.4371,0.1151,-1.3421,0.0,161.853120089
-0.4221,0.1057,-1.3097,0.0,161.980024099
-0.4002,0.0975,-1.289,0.0,162.103055954
-0.3777,0.0902,-1.2789,0.0,162.231434107
-0.3427,0.0852,-1.2689,0.0,162.354612112
-0.3062,0.0761,-1.2591,0.0,162.476908922
-0.268,0.0675,-1.2591,0.0,162.589759111
-0.2507,0.0664,-1.2789,0.0,162.706995964
-0.2167,0.0659,-1.2689,0.0,162.826020956
-0.1812,0.0662,-1.2739,0.0,162.959102154
-0.1437,0.0645,-1.2839,0.0,163.083001137
-0.11,0.065,-1.2941,0.0,163.213469982
-0.0837,0.0666,-1.3257,0.0,163.343847036
-0.0641,0.0717,-1.3366,0.0,163.466084957
-0.0523,0.0718,-1.382,0.0,163.59453702
-0.0463,0.0805,-1.412,0.0,163.728357077
-0.0453,0.088,-1.4562,0.0,163.859764099
-0.0539,0.0975,-1.4895,0.0,163.97520113
-0.0626,0.1019,-1.5172,0.0,164.101118088
-0.0801,0.1154,-1.5609,0.0,164.235232115
-0.1009,0.1345,-1.5992,0.0,164.365545988
-0.1268,0.1533,-1.6561,0.0,164.485396147
-0.1543,0.1784,-1.6818,0.0,164.604403973
-0.173,0.1918,-1.6994,0.0,164.725203991
-0.2019,0.2211,-1.7264,0.0,164.845852137
-0.236,0.2438,-1.7638,0.0,164.975227118
-0.2508,0.2528,-1.7638,0.0,165.09324193
-0.2716,0.2676,-1.7831,0.0,165.20243597
-0.2836,0.2767,-1.7831,0.0,165.31921196
-0.2956,0.2857,-1.7831,0.0,165.433644056
-0.3049,0.298,-1.8029,0.0,165.554410934
-0.3158,0.3058,-1.8129,0.0,165.670994043
-0.3231,0.3133,-1.8029,0.0,165.793270111
-0.3213,0.3146,-1.7929,0.0,165.926217079
-0.3213,0.3237,-1.7929,0.0,166.058787107
-0.3208,0.3232,-1.7734,0.0,166.197026014
-0.3215,0.3298,-1.7449,0.0,166.327157021
-0.328,0.3275,-1.7173,0.0,166.437830925
-0.3332,0.3269,-1.6994,0.0,166.561704159
-0.3449,0.3219,-1.6732,0.0,166.692584991
-0.3647,0.3198,-1.6478,0.0,166.812792063
-0.3764,0.308,-1.6151,0.0,166.934387922
-0.3897,0.2981,-1.5914,0.0,167.065470934
-0.4006,0.3003,-1.5609,0.0,167.19422698
-0.4079,0.296,-1.5387,0.0,167.32074213
-0.4105,0.2982,-1.5102,0.0,167.450086117
-0.4023,0.2916,-1.4895,0.0,167.579555035
-0.3944,0.2876,-1.4693,0.0,167.701957941
-0.3877,0.2863,-1.4627,0.0,167.817878962
-0.3688,0.2764,-1.4369,0.0,167.936196089
-0.356,0.274,-1.4243,0.0,168.057465076
-0.3339,0.2692,-1.412,0.0,168.174623966
-0.3172,0.2692,-1.412,0.0,168.304201126
-0.2935,0.2645,-1.412,0.0,168.427742958
-0.2662,0.249,-1.4059,0.0,168.538666964
-0.2542,0.2368,-1.4181,0.0,168.657227993
-0.2293,0.2119,-1.412,0.0,168.780238152
-0.2179,0.1972,-1.4627,0.0,168.911749125
-0.2183,0.1749,-1.4827,0.0,169.032926083
-0.2021,0.1704,-1.5102,0.0,169.153100014
-0.2042,0.1535,-1.5461,0.0,169.272640944
-0.2102,0.1446,-1.5914,0.0,169.38756299
-0.2144,0.1365,-1.6231,0.0,169.515345097
-0.2239,0.1435,-1.6732,0.0,169.635039091
-0.229,0.1422,-1.6905,0.0,169.756744146
-0.241,0.143,-1.7356,0.0,169.884171009
-0.2465,0.1445,-1.7543,0.0,170.00269413
-0.2552,0.1491,-1.7734,0.0,170.118807077
-0.2655,0.1547,-1.8029,0.0,170.244693995
-0.2715,0.1564,-1.823,0.0,170.361042023
-0.2807,0.1471,-1.823,0.0,170.488192081
-0.2946,0.1604,-1.8333,0.0,170.603517056
-0.3025,0.155,-1.8437,0.0,170.717744112
-0.3091,0.1568,-1.8648,0.0,170.846311092
-0.3136,0.1622,-1.8542,0.0,170.951400995
-0.3167,0.1685,-1.8542,0.0,171.07222414
-0.3261,0.1747,-1.8542,0.0,171.195240021
-0.3366,0.1987,-1.8437,0.0,171.312834024
-0.3522,0.2081,-1.8437,0.0,171.433875084
-0.3615,0.2107,-1.8129,0.0,171.558643103
-0.3838,0.2248,-1.8029,0.0,171.673428059
-0.4058,0.2296,-1.7929,0.0,171.797086954
-0.4378,0.2289,-1.7638,0.0,171.925820112
-0.4684,0.2235,-1.7449,0.0,172.053446054
-0.5126,0.2223,-1.7356,0.0,172.176975012
-0.539,0.217,-1.7173,0.0,172.28590107
-0.5763,0.2119,-1.6994,0.0,172.41745615
-0.6012,0.2115,-1.6732,0.0,172.541156054
-0.6174,0.2121,-1.6561,0.0,172.66456604
-0.6442,0.2044,-1.6395,0.0,172.789675951
-0.6553,0.1913,-1.5992,0.0,172.909273148
-0.6644,0.1885,-1.576,0.0,173.026021957
-0.6637,0.1858,-1.5315,0.0,173.143074989
-0.6635,0.1765,-1.4963,0.0,173.259186983
-0.6516,0.1807,-1.4693,0.0,173.372933149
-0.6372,0.1792,-1.4369,0.0,173.488965034
-0.6157,0.1714,-1.3938,0.0,173.604881048
-0.5985,0.1686,-1.3704,0.0,173.720068932
-0.5657,0.1689,-1.3366,0.0,173.829059124
-0.5389,0.1684,-1.315,0.0,173.949654102
-0.4978,0.1651,-1.289,0.0,174.077717066
-0.4703,0.166,-1.2789,0.0,174.204774141
-0.4324,0.1647,-1.2689,0.0,174.318413019
-0.4025,0.1647,-1.2689,0.0,174.433123112
-0.3648,0.164,-1.264,0.0,174.563971996
-0.3355,0.1653,-1.2739,0.0,174.682189941
-0.2939,0.1607,-1.289,0.0,174.804376125
-0.2679,0.1598,-1.2993,0.0,174.918272018
-0.2366,0.1557,-1.3204,0.0,175.045534134
-0.2161,0.158,-1.3589,0.0,175.178709984
-0.1935,0.1479,-1.3938,0.0,175.318161011
-0.1574,0.1391,-1.4497,0.0,175.450130939
-0.1441,0.1404,-1.4895,0.0,175.575750113
-0.1341,0.1481,-1.5172,0.0,175.705448151
-0.1227,0.1558,-1.5684,0.0,175.819679976
-0.1138,0.1661,-1.5914,0.0,175.945693016
-0.1149,0.1705,-1.6071,0.0,176.077194929
-0.1222,0.1896,-1.6313,0.0,176.207309961
-0.1352,0.2009,-1.6561,0.0,176.331088066
-0.1563,0.22,-1.6732,0.0,176.445919991
-0.1788,0.2341,-1.6732,0.0,176.569541931
-0.2045,0.2464,-1.6994,0.0,176.689913988
-0.231,0.2591,-1.7264,0.0,176.809338093
-0.2527,0.2663,-1.7356,0.0,176.929047108
-0.2849,0.2722,-1.7543,0.0,177.049021006
-0.3013,0.2677,-1.7638,0.0,177.176607132
-0.3268,0.2841,-1.7734,0.0,177.302016973
-0.3474,0.2797,-1.8029,0.0,177.426134109
-0.3615,0.2843,-1.8129,0.0,177.552772045
-0.3707,0.2935,-1.8129,0.0,177.673980951
-0.3798,0.2997,-1.8129,0.0,177.795057058
-0.3959,0.3072,-1.8029,0.0,177.924567938
-0.4111,0.3163,-1.8029,0.0,178.051092148
-0.436,0.3146,-1.7929,0.0,178.174062967
-0.4521,0.3141,-1.7734,0.0,178.298438072
-0.4857,0.3137,-1.7543,0.0,178.42594409
-0.5272,0.3045,-1.7356,0.0,178.548728943
-0.5562,0.2924,-1.6994,0.0,178.669816017
-0.6012,0.2794,-1.6732,0.0,178.796921015
-0.6503,0.2612,-1.6478,0.0,178.908559084
-0.6856,0.2544,-1.6395,0.0,179.023343086
-0.7271,0.2396,-1.6151,0.0,179.14756608
-0.7476,0.2323,-1.5837,0.0,179.26800108
-0.7826,0.2221,-1.5684,0.0,179.392219067
-0.8091,0.2147,-1.5534,0.0,179.518762112
-0.8235,0.2065,-1.5315,0.0,179.652066946
-0.826,0.2052,-1.5032,0.0,179.773375034
-0.8297,0.1967,-1.4963,0.0,179.903753042
-0.8136,0.1898,-1.4627,0.0,180.020584106
-0.7933,0.1856,-1.4306,0.0,180.144123077
-0.7782,0.1856,-1.412,0.0,180.269129992
-0.7492,0.1972,-1.3762,0.0,180.387334108
-0.711,0.2,-1.3477,0.0,180.505420923
-0.6821,0.1975,-1.3312,0.0,180.62502408
-0.6425,0.1988,-1.3097,0.0,180.743520975
-0.6087,0.2008,-1.2941,0.0,180.865255117
-0.5738,0.2022,-1.289,0.0,180.995351076
-0.5304,0.2022,-1.289,0.0,181.126992941
-0.504,0.2104,-1.2993,0.0,181.254944086
-0.4523,0.2044,-1.289,0.0,181.36977005
-0.4165,0.1994,-1.2993,0.0,181.502107143
-0.3773,0.1951,-1.315,0.0,181.625149012
-0.33,0.1886,-1.3477,0.0,181.747816086
-0.2972,0.1848,-1.3533,0.0,181.88330698
-0.2652,0.1809,-1.3762,0.0,182.004851103
-0.2303,0.1744,-1.4181,0.0,182.123017073
-0.2046,0.1717,-1.4562,0.0,182.249652147
-0.1918,0.1706,-1.4895,0.0,182.366017103
-0.1766,0.1625,-1.5315,0.0,182.486660004
-0.1721,0.1656,-1.5609,0.0,182.607736111
-0.169,0.1678,-1.6071,0.0,182.738152027
-0.1658,0.1785,-1.6561,0.0,182.856816053
-0.1684,0.1841,-1.6818,0.0,182.987398148
-0.172,0.1996,-1.7173,0.0,183.109370947
-0.1787,0.2036,-1.7264,0.0,183.230260134
-0.1955,0.2151,-1.7734,0.0,183.347783089
-0.2146,0.2254,-1.7831,0.0,183.476835966
-0.2291,0.2279,-1.8029,0.0,183.599694967
-0.2442,0.2279,-1.8029,0.0,183.725012064
-0.27,0.2353,-1.8129,0.0,183.841221094
-0.2869,0.2397,-1.823,0.0,183.962043047
-0.3101,0.2379,-1.8333,0.0,184.095473051
-0.3335,0.2393,-1.8437,0.0,184.215634108
-0.346,0.2361,-1.8437,0.0,184.329801083
-0.3553,0.2393,-1.8437,0.0,184.452661037
-0.3625,0.2317,-1.8333,0.0,184.573445082
-0.3707,0.2291,-1.8129,0.0,184.693758965
-0.3808,0.2218,-1.8029,0.0,184.815813065
-0.3805,0.2181,-1.7734,0.0,184.93256712
-0.3912,0.198,-1.7543,0.0,185.050018072
-0.3937,0.1919,-1.7264,0.0,185.170684099
-0.3997,0.1765,-1.6905,0.0,185.292425156
-0.402,0.171,-1.6646,0.0,185.413844109
-0.4014,0.1739,-1.6395,0.0,185.542556047
-0.3935,0.165,-1.6071,0.0,185.677632093
-0.3843,0.1634,-1.5914,0.0,185.799034119
-0.3682,0.1637,-1.5684,0.0,185.916898966
-0.3541,0.1619,-1.576,0.0,186.035742044
-0.3297,0.1603,-1.5609,0.0,186.156995058
-0.3154,0.1611,-1.5684,0.0,186.272115946
-0.289,0.1637,-1.5684,0.0,186.393528938
-0.2638,0.1581,-1.5914,0.0,186.530529976
-0.2382,0.1561,-1.5992,0.0,186.66112709
-0.2062,0.153,-1.6231,0.0,186.784502029
-0.1918,0.1545,-1.6395,0.0,186.916204929
-0.1779,0.1512,-1.6646,0.0,187.054368973
-0.1571,0.1471,-1.6818,0.0,187.176764011
-0.1344,0.1473,-1.7173,0.0,187.296677113
-0.1248,0.1497,-1.7449,0.0,187.424921036
-0.1225,0.1505,-1.7543,0.0,187.549178123
-0.1149,0.1491,-1.7734,0.0,187.670935154
-0.1222,0.1508,-1.7929,0.0,187.789723158
-0.1297,0.1463,-1.8129,0.0,187.919924021
-0.1496,0.1418,-1.8333,0.0,188.039794922
-0.1794,0.1371,-1.8542,0.0,188.155203104
-0.2016,0.1299,-1.8864,0.0,188.289828062
-0.2251,0.1274,-1.8974,0.0,188.422538996
-0.2486,0.133,-1.9312,0.0,188.545341015
-0.2665,0.1305,-1.9427,0.0,188.675274134
-0.2911,0.1313,-1.9543,0.0,188.805817127
-0.3075,0.1214,-1.9543,0.0,188.928256035
-0.3292,0.1154,-1.9661,0.0,189.044420958
-0.3515,0.1009,-1.9427,0.0,189.168563128
-0.3842,0.091,-1.9427,0.0,189.294687033
-0.4111,0.0807,-1.9312,0.0,189.421080112
-0.4359,0.0568,-1.8974,0.0,189.545824051
-0.4656,0.0371,-1.8755,0.0,189.669661999
-0.4918,0.0209,-1.8437,0.0,189.808545113
-0.5171,0.0052,-1.8129,0.0,189.924102068
-0.5326,-0.0039,-1.7929,0.0,190.04489994
-0.5477,-0.0186,-1.7449,0.0,190.168008089
-0.5534,-0.024,-1.7083,0.0,190.280499935
-0.5618,-0.0293,-1.6818,0.0,190.395241022
-0.5615,-0.0452,-1.6395,0.0,190.513082027
-0.5586,-0.0445,-1.6151,0.0,190.633075953
-0.5398,-0.0459,-1.5684,0.0,190.753275156
-0.5244,-0.0372,-1.5387,0.0,190.869619131
-0.4946,-0.0364,-1.5032,0.0,190.994426012
-0.4682,-0.0332,-1.476,0.0,191.11431694
-0.4336,-0.0227,-1.4433,0.0,191.245965004
-0.3967,-0.0152,-1.4243,0.0,191.365430117
-0.3593,-0.0078,-1.3998,0.0,191.489333153
-0.331,-0.0007,-1.3998,0.0,191.605620146
-0.292,0.0064,-1.3938,0.0,191.730498075
-0.2592,0.0134,-1.3938,0.0,191.851002932
-0.2207,0.0204,-1.3879,0.0,191.966305971
-0.1763,0.0251,-1.3879,0.0,192.081535101
-0.1402,0.0253,-1.3998,0.0,192.198715925
-0.086,0.0277,-1.3998,0.0,192.317615032
-0.0603,0.0302,-1.4059,0.0,192.433681011
-0.0108,0.0307,-1.4306,0.0,192.548421144
0.0159,0.0312,-1.4497,0.0,192.67138505
0.0425,0.0359,-1.4433,0.0,192.787753105
0.068,0.0341,-1.4693,0.0,192.900588989
0.0902,0.0325,-1.5102,0.0,193.027846098
0.0967,0.0459,-1.5315,0.0,193.153631926
0.1085,0.0413,-1.5534,0.0,193.285596132
0.1111,0.0504,-1.5914,0.0,193.409893036
0.1041,0.0644,-1.6071,0.0,193.541804075
0.0929,0.0689,-1.6478,0.0,193.677566051
0.0778,0.0874,-1.6818,0.0,193.802564144
0.0532,0.0945,-1.7083,0.0,193.922024012
0.0396,0.1143,-1.7449,0.0,194.043817043
0.0106,0.1235,-1.7929,0.0,194.175222158
-0.0169,0.1379,-1.823,0.0,194.308126926
-0.0486,0.1505,-1.8648,0.0,194.432080984
-0.0706,0.1568,-1.8648,0.0,194.558506966
-0.1032,0.1682,-1.8864,0.0,194.690144062
-0.1341,0.1809,-1.9198,0.0,194.796954155
-0.1511,0.1918,-1.9312,0.0,194.914197922
-0.1847,0.1962,-1.9427,0.0,195.031769037
-0.2089,0.2073,-1.9543,0.0,195.154865026
-0.2432,0.2152,-1.9661,0.0,195.276478052
-0.2796,0.2219,-1.9661,0.0,195.406698942
-0.3174,0.2239,-1.9543,0.0,195.522567987
-0.3515,0.2192,-1.9427,0.0,195.644911051
-0.3874,0.2192,-1.9427,0.0,195.772110939
-0.4365,0.2127,-1.9427,0.0,195.886229992
-0.477,0.1992,-1.9085,0.0,196.009024143
-0.5191,0.1969,-1.8864,0.0,196.128332138
-0.5508,0.1894,-1.8755,0.0,196.243664026
-0.5723,0.1852,-1.8333,0.0,196.350970984
-0.5871,0.1852,-1.8029,0.0,196.46023798
-0.611,0.172,-1.7929,0.0,196.58437109
-0.6211,0.1674,-1.7449,0.0,196.708572149
-0.6253,0.161,-1.7083,0.0,196.837943077
-0.6257,0.1589,-1.6561,0.0,196.969393969
-0.6238,0.1549,-1.6151,0.0,197.085339069
-0.6104,0.149,-1.5534,0.0,197.202017069
-0.599,0.1462,-1.5243,0.0,197.316987991
-0.5799,0.1534,-1.4693,0.0,197.447909117
-0.5573,0.1559,-1.4243,0.0,197.567626953
-0.5407,0.1674,-1.3998,0.0,197.686975956
-0.5201,0.1778,-1.3704,0.0,197.81893611
-0.4885,0.1802,-1.3533,0.0,197.943871975
-0.4706,0.1886,-1.3477,0.0,198.073444128
-0.4389,0.1954,-1.3477,0.0,198.198998928
-0.4036,0.2016,-1.3589,0.0,198.325181007
-0.3748,0.208,-1.3704,0.0,198.446145058
-0.3352,0.2083,-1.3879,0.0,198.571429014
-0.2922,0.2086,-1.4059,0.0,198.698348045
-0.261,0.2161,-1.4562,0.0,198.829831123
-0.2143,0.2109,-1.4895,0.0,198.954668045
-0.1749,0.2097,-1.5172,0.0,199.082616091
-0.1439,0.2035,-1.5684,0.0,199.196902037
-0.1285,0.2058,-1.6071,0.0,199.322942019
-0.1062,0.1989,-1.6395,0.0,199.442728996
-0.0976,0.1955,-1.6818,0.0,199.566877127
-0.0819,0.2101,-1.7083,0.0,199.689975023
-0.0774,0.2223,-1.7356,0.0,199.81040597
-0.0757,0.2229,-1.7638,0.0,199.933794975
-0.0876,0.2349,-1.7638,0.0,200.056074142
-0.103,0.2421,-1.7734,0.0,200.175209999
-0.1229,0.2492,-1.8029,0.0,200.294028044
-0.1419,0.2537,-1.8129,0.0,200.407377005
-0.1611,0.2551,-1.823,0.0,200.522928953
-0.1897,0.2596,-1.8333,0.0,200.642974138
-0.2125,0.2673,-1.8437,0.0,200.772797108
-0.245,0.272,-1.8542,0.0,200.889389992
-0.2636,0.272,-1.8755,0.0,200.997995138
-0.2746,0.2735,-1.8864,0.0,201.130491018
-0.281,0.2767,-1.8864,0.0,201.255445004
-0.2873,0.2767,-1.8864,0.0,201.377076149
-0.2872,0.2767,-1.8648,0.0,201.49366498
-0.2918,0.2751,-1.8542,0.0,201.613587141
-0.2918,0.2657,-1.8542,0.0,201.724905014
-0.293,0.2705,-1.823,0.0,201.843738079
-0.2914,0.269,-1.8129,0.0,201.963679075
-0.282,0.2601,-1.7734,0.0,202.083931923
-0.2701,0.2514,-1.7543,0.0,202.19244194
-0.2643,0.2487,-1.7356,0.0,202.32148695
-0.2513,0.2357,-1.7264,0.0,202.452505112
-0.25,0.2432,-1.7173,0.0,202.574613094
-0.2376,0.2365,-1.6905,0.0,202.691671133
-0.229,0.2365,-1.6905,0.0,202.806955099
-0.2222,0.2325,-1.6818,0.0,202.917603016
-0.2188,0.2349,-1.6994,0.0,203.041958094
-0.2137,0.2296,-1.6818,0.0,203.154202938
-0.2066,0.2258,-1.7173,0.0,203.287490129
-0.2077,0.227,-1.7264,0.0,203.412393093
-0.2077,0.224,-1.7264,0.0,203.533447981
-0.2158,0.2235,-1.7449,0.0,203.660344124
-0.2218,0.2266,-1.7929,0.0,203.787424088
-0.23,0.2289,-1.7638,0.0,203.918980122
-0.2531,0.2335,-1.823,0.0,204.047587156
-0.2592,0.2304,-1.823,0.0,204.165205002
-0.2761,0.2317,-1.8333,0.0,204.28827405
-0.287,0.2299,-1.8437,0.0,204.420181036
-0.3042,0.2249,-1.8542,0.0,204.550787926
-0.3198,0.2187,-1.8542,0.0,204.673462152
-0.3323,0.2124,-1.8542,0.0,204.806455135
-0.3417,0.1998,-1.8542,0.0,204.929717064
-0.3584,0.1925,-1.8437,0.0,205.058146
-0.3646,0.1893,-1.8129,0.0,205.188637018
-0.3787,0.172,-1.7929,0.0,205.30897212
-0.3814,0.1603,-1.7638,0.0,205.428986073
-0.3929,0.143,-1.7356,0.0,205.555151939
-0.4018,0.1285,-1.6994,0.0,205.672235966
-0.4033,0.1243,-1.6818,0.0,205.800388098
-0.4007,0.1218,-1.6478,0.0,205.932914019
-0.3892,0.109,-1.6231,0.0,206.054506063
-0.3763,0.115,-1.5914,0.0,206.179739952
-0.3656,0.1133,-1.5684,0.0,206.295269012
-0.3405,0.1112,-1.5387,0.0,206.413073063
-0.3235,0.1081,-1.5315,0.0,206.534846067
-0.3012,0.1142,-1.5102,0.0,206.653455019
-0.2783,0.1182,-1.4963,0.0,206.768913031
-0.2631,0.1258,-1.4963,0.0,206.89329505
-0.2433,0.1322,-1.4827,0.0,207.009058952
-0.2233,0.1372,-1.4827,0.0,207.133590937
-0.2027,0.141,-1.4963,0.0,207.262228012
-0.1843,0.15,-1.5102,0.0,207.385021925
-0.1688,0.1547,-1.5315,0.0,207.505170107
-0.1637,0.1599,-1.5315,0.0,207.627202034
-0.1537,0.1603,-1.5609,0.0,207.744040966
-0.154,0.1688,-1.5914,0.0,207.861506939
-0.1536,0.1741,-1.6151,0.0,207.986099005
-0.1579,0.1896,-1.6313,0.0,208.105349064
-0.163,0.2037,-1.6561,0.0,208.220905066
-0.1667,0.2104,-1.6646,0.0,208.337387085
-0.1845,0.2263,-1.6994,0.0,208.455718994
-0.1998,0.2448,-1.7083,0.0,208.582462072
-0.2153,0.2548,-1.7173,0.0,208.70548296
-0.2322,0.2663,-1.7356,0.0,208.819386959
-0.2524,0.2781,-1.7543,0.0,208.944504976
-0.2716,0.2826,-1.7638,0.0,209.060935974
-0.297,0.2961,-1.7734,0.0,209.188446045
-0.3226,0.2978,-1.7831,0.0,209.312984943
-0.3444,0.298,-1.8029,0.0,209.444126129
-0.3656,0.3041,-1.8029,0.0,209.553352118
-0.3868,0.3133,-1.8029,0.0,209.673365116
-0.405,0.3224,-1.8029,0.0,209.791314125
-0.4239,0.3297,-1.7929,0.0,209.91920805
-0.4462,0.3352,-1.7734,0.0,210.029041052
-0.4641,0.3412,-1.7734,0.0,210.143913031
-0.4853,0.3453,-1.7638,0.0,210.259079933
-0.5099,0.338,-1.7264,0.0,210.386291981
-0.5448,0.3315,-1.7083,0.0,210.505959988
-0.5675,0.3178,-1.6818,0.0,210.625142097
-0.6059,0.3142,-1.6478,0.0,210.742288113
-0.6296,0.304,-1.6231,0.0,210.865813971
-0.6602,0.2927,-1.5914,0.0,210.985301971
-0.677,0.2805,-1.5684,0.0,211.109658957
-0.696,0.2739,-1.5461,0.0,211.222321033
-0.6976,0.2624,-1.5102,0.0,211.335258007
-0.7013,0.2575,-1.4963,0.0,211.462193012
-0.6868,0.2396,-1.4497,0.0,211.586066008
-0.67,0.2354,-1.4243,0.0,211.704492092
-0.6537,0.2267,-1.3998,0.0,211.820569992
-0.6284,0.2219,-1.3704,0.0,211.935263157
-0.5948,0.2133,-1.3312,0.0,212.05626893
-0.5631,0.2024,-1.3045,0.0,212.174478054
-0.5284,0.189,-1.2739,0.0,212.294410944
-0.4891,0.1805,-1.2447,0.0,212.412405968
-0.4573,0.1688,-1.2213,0.0,212.533039093
-0.407,0.155,-1.1944,0.0,212.662261009
-0.3695,0.1428,-1.1772,0.0,212.787022114
-0.3482,0.1318,-1.1857,0.0,212.913845062
-0.3196,0.12,-1.1687,0.0,213.039075136
-0.2892,0.1105,-1.1729,0.0,213.153228998
-0.2724,0.1025,-1.1944,0.0,213.265277147
-0.244,0.091,-1.2033,0.0,213.381669044
-0.2276,0.0851,-1.2352,0.0,213.494192123
-0.193,0.0749,-1.2399,0.0,213.611587048
-0.1819,0.0708,-1.2789,0.0,213.735238075
-0.1669,0.0624,-1.3312,0.0,213.864432096
-0.1567,0.0614,-1.3589,0.0,213.980615139
-0.1567,0.049,-1.3998,0.0,214.093104124
-0.1553,0.0525,-1.4306,0.0,214.224646091
-0.1659,0.0569,-1.4827,0.0,214.350490093
-0.1749,0.0685,-1.5172,0.0,214.468711138
-0.194,0.0788,-1.5684,0.0,214.586987019
-0.2069,0.0835,-1.6071,0.0,214.705628157
-0.2205,0.094,-1.6478,0.0,214.828344107
-0.2395,0.1062,-1.6646,0.0,214.943230152
-0.2544,0.1147,-1.7083,0.0,215.060894966
-0.2687,0.1261,-1.7449,0.0,215.196861029
-0.282,0.1311,-1.7734,0.0,215.319719076
-0.2898,0.1424,-1.8029,0.0,215.448461056
-0.2975,0.1402,-1.8129,0.0,215.580470085
-0.318,0.1519,-1.8437,0.0,215.709839106
-0.3198,0.1528,-1.8542,0.0,215.83295393
-0.3261,0.1465,-1.8542,0.0,215.953458071
-0.3311,0.1537,-1.8648,0.0,216.077808142
-0.3323,0.1622,-1.8542,0.0,216.190591097
-0.3405,0.1694,-1.8648,0.0,216.312659025
-0.3417,0.181,-1.8542,0.0,216.432971954
-0.3522,0.1893,-1.8437,0.0,216.554316998
-0.3594,0.1945,-1.8333,0.0,216.682003975
-0.3798,0.1985,-1.8129,0.0,216.810651064
-0.4012,0.2015,-1.8129,0.0,216.92118907
-0.4216,0.1982,-1.7831,0.0,217.046205997
-0.4521,0.1971,-1.7734,0.0,217.177081108
-0.4853,0.1901,-1.7638,0.0,217.308758974
-0.518,0.1811,-1.7638,0.0,217.432872057
-0.5535,0.1724,-1.7356,0.0,217.561099052
-0.5854,0.1656,-1.7264,0.0,217.691884995
-0.6112,0.1618,-1.7173,0.0,217.817271948
-0.6387,0.1536,-1.6905,0.0,217.938640118
-0.6597,0.1456,-1.6646,0.0,218.062545061
-0.6808,0.1386,-1.6478,0.0,218.184406042
-0.6897,0.1365,-1.6231,0.0,218.315802097
-0.6863,0.1305,-1.5837,0.0,218.443462133
-0.681,0.1306,-1.5534,0.0,218.554840088
-0.6714,0.1288,-1.5315,0.0,218.685022116
-0.6514,0.1391,-1.5032,0.0,218.817037106
-0.624,0.1403,-1.4627,0.0,218.928261995
-0.5866,0.1385,-1.4433,0.0,219.046607018
-0.5549,0.1408,-1.4181,0.0,219.170912027
-0.5125,0.1431,-1.3938,0.0,219.301713943
-0.4716,0.1454,-1.3704,0.0,219.431348085
-0.4258,0.1446,-1.3421,0.0,219.565393925
-0.3887,0.1457,-1.3312,0.0,219.686946154
-0.3596,0.1435,-1.3312,0.0,219.81461215
-0.3291,0.1474,-1.3257,0.0,219.924513102
-0.307,0.1463,-1.3366,0.0,220.054913998
-0.2643,0.1418,-1.3366,0.0,220.175806999
-0.2403,0.1459,-1.3533,0.0,220.293903112
-0.2041,0.1384,-1.3704,0.0,220.423778057
-0.1896,0.1396,-1.382,0.0,220.534060001
-0.1591,0.136,-1.4433,0.0,220.658550978
-0.1447,0.1335,-1.4693,0.0,220.785795927
-0.1283,0.1295,-1.5102,0.0,220.908951044
-0.121,0.13,-1.5461,0.0,221.039041042
-0.1079,0.1439,-1.5837,0.0,221.168411016
-0.1084,0.1455,-1.6313,0.0,221.29540801
-0.1079,0.1428,-1.6646,0.0,221.413316011
-0.1142,0.1444,-1.7173,0.0,221.536777973
-0.1225,0.1624,-1.7543,0.0,221.654994965
-0.1335,0.165,-1.7831,0.0,221.783865929
-0.1567,0.1738,-1.8437,0.0,221.906778097
-0.1825,0.181,-1.8864,0.0,222.029117107
-0.1857,0.1874,-1.8864,0.0,222.158190012
-0.2064,0.1885,-1.9312,0.0,222.278068066
-0.2333,0.1853,-1.9661,0.0,222.402940035
-0.2529,0.1775,-1.9902,0.0,222.533146143
-0.2763,0.1762,-2.0148,0.0,222.645869017
-0.2935,0.175,-2.0401,0.0,222.766292095
-0.3023,0.1692,-2.0529,0.0,222.888517141
-0.3132,0.1608,-2.0791,0.0,223.00336194
-0.3202,0.1643,-2.0791,0.0,223.119410992
-0.3257,0.1653,-2.0925,0.0,223.227272987
-0.3272,0.1643,-2.0791,0.0,223.355490923
-0.3355,0.1632,-2.0659,0.0,223.481311083
-0.3416,0.1612,-2.0401,0.0,223.5993011
-0.3634,0.1636,-2.0274,0.0,223.717699051
-0.3892,0.1582,-2.0024,0.0,223.831181049
-0.417,0.1505,-1.9902,0.0,223.958462
-0.4544,0.1429,-1.9781,0.0,224.079316139
-0.5016,0.1313,-1.9543,0.0,224.197219133
-0.5313,0.1239,-1.9427,0.0,224.319569111
-0.5769,0.1134,-1.9312,0.0,224.428776026
-0.6126,0.1101,-1.9312,0.0,224.555747986
-0.6542,0.103,-1.9198,0.0,224.674806118
-0.6849,0.0953,-1.8974,0.0,224.791495085
-0.7064,0.0884,-1.8864,0.0,224.912943125
-0.7307,0.0879,-1.8755,0.0,225.039015055
-0.7496,0.0879,-1.8755,0.0,225.158348083
-0.7536,0.0744,-1.8542,0.0,225.284235954
-0.7493,0.077,-1.8437,0.0,225.410023928
-0.7379,0.0793,-1.823,0.0,225.525841951
-0.7176,0.0936,-1.8029,0.0,225.642805099
-0.6827,0.0896,-1.7831,0.0,225.765275955
-0.6539,0.0911,-1.7543,0.0,225.88853097
-0.6211,0.0936,-1.7449,0.0,226.009462118
-0.5708,0.0921,-1.7173,0.0,226.135322094
-0.5419,0.095,-1.7173,0.0,226.252166033
-0.5014,0.0979,-1.7173,0.0,226.363938093
-0.4758,0.1003,-1.7083,0.0,226.494405985
-0.4253,0.0993,-1.6905,0.0,226.602993965
-0.3847,0.1026,-1.6994,0.0,226.733840942
-0.3561,0.1026,-1.6994,0.0,226.851165056
-0.316,0.1084,-1.6994,0.0,226.967679977
-0.2947,0.1147,-1.7083,0.0,227.092504025
-0.2702,0.1225,-1.7356,0.0,227.220365047
-0.2495,0.1297,-1.7543,0.0,227.341808081
-0.23,0.1394,-1.7638,0.0,227.472146988
-0.2134,0.1431,-1.7734,0.0,227.592880964
-0.2109,0.1516,-1.8029,0.0,227.711981058
-0.204,0.1595,-1.823,0.0,227.836292982
-0.199,0.1635,-1.8333,0.0,227.965196133
-0.2075,0.1716,-1.8542,0.0,228.086553097
-0.227,0.1778,-1.8864,0.0,228.203186989
-0.2439,0.1842,-1.9198,0.0,228.319205046
-0.2534,0.1831,-1.9427,0.0,228.452415943
-0.2713,0.1809,-1.9543,0.0,228.568511009
-0.2846,0.1864,-1.9781,0.0,228.686461926
-0.2964,0.1977,-1.9902,0.0,228.804146051
-0.3132,0.2078,-1.9902,0.0,228.934143066
-0.3319,0.2158,-2.0024,0.0,229.055719137
-0.35,0.2179,-1.9902,0.0,229.18980813
-0.3848,0.2274,-2.0148,0.0,229.308346987
-0.4136,0.2246,-1.9902,0.0,229.41701293
-0.4344,0.2165,-1.9781,0.0,229.533415079
-0.4744,0.2165,-1.9781,0.0,229.646130085
-0.5145,0.2053,-1.9661,0.0,229.752099991
-0.5575,0.1941,-1.9543,0.0,229.869543076
-0.5934,0.1897,-1.9427,0.0,229.988310099
-0.6419,0.1787,-1.9312,0.0,230.101634026
-0.6729,0.1702,-1.9085,0.0,230.222272158
-0.7201,0.1596,-1.8974,0.0,230.343601942
-0.7603,0.1554,-1.8864,0.0,230.462094069
-0.7844,0.145,-1.8755,0.0,230.576405048
-0.8129,0.1465,-1.8542,0.0,230.694838047
-0.8316,0.1402,-1.8542,0.0,230.812973022
-0.8346,0.1356,-1.8333,0.0,230.941126108
-0.8391,0.1379,-1.823,0.0,231.062444925
-0.8298,0.1455,-1.8029,0.0,231.178861141
-0.8192,0.1356,-1.7929,0.0,231.294580936
-0.8013,0.1371,-1.7734,0.0,231.418434143
-0.775,0.1356,-1.7543,0.0,231.551020145
-0.7452,0.1481,-1.7264,0.0,231.667423964
-0.7107,0.1429,-1.6994,0.0,231.779886961
-0.6807,0.1443,-1.6818,0.0,231.898992062
-0.6392,0.1413,-1.6478,0.0,232.022711039
-0.6029,0.1434,-1.6395,0.0,232.15467906
-0.5586,0.142,-1.6231,0.0,232.27431798
-0.5287,0.1385,-1.6151,0.0,232.406448126
-0.4955,0.1399,-1.6313,0.0,232.523442984
-0.4548,0.1365,-1.6231,0.0,232.651586056
-0.4159,0.1344,-1.6313,0.0,232.776189089
-0.3747,0.1289,-1.6313,0.0,232.895210981
-0.3358,0.1253,-1.6561,0.0,233.018639088
-0.3128,0.1243,-1.6818,0.0,233.139842033
-0.2832,0.1234,-1.7083,0.0,233.257838964
-0.2558,0.1241,-1.7173,0.0,233.378083944
-0.2462,0.1251,-1.7734,0.0,233.508737087
-0.2206,0.1228,-1.7831,0.0,233.624086142
-0.2102,0.1255,-1.823,0.0,233.75326705
-0.2013,0.1308,-1.8542,0.0,233.873651028
-0.1984,0.1267,-1.8864,0.0,234.002728939
-0.1996,0.1307,-1.8974,0.0,234.117609978
-0.2031,0.1232,-1.9312,0.0,234.232897043
-0.2141,0.1239,-1.9427,0.0,234.353594065
-0.228,0.1195,-1.9781,0.0,234.484468937
-0.2428,0.1202,-1.9902,0.0,234.605270147
-0.2477,0.1243,-2.0024,0.0,234.723601103
-0.2678,0.1396,-2.0274,0.0,234.845395088
-0.2781,0.1499,-2.0274,0.0,234.962079048
-0.2951,0.1568,-2.0274,0.0,235.08161211
-0.317,0.166,-2.0148,0.0,235.191331148
-0.3408,0.1694,-2.0148,0.0,235.310184956
-0.3645,0.1762,-2.0148,0.0,235.425188065
-0.4002,0.1741,-1.9902,0.0,235.545133114
-0.4244,0.1764,-1.9781,0.0,235.653129101
-0.4654,0.1743,-1.9543,0.0,235.780353069
-0.4986,0.1765,-1.9427,0.0,235.897949934
-0.5379,0.1722,-1.9312,0.0,236.017382145
-0.5704,0.1787,-1.9312,0.0,236.140445948
-0.5955,0.1788,-1.8974,0.0,236.255455971
-0.6238,0.1778,-1.8864,0.0,236.378222942
-0.6386,0.1821,-1.8648,0.0,236.507462025
-0.65,0.18,-1.8437,0.0,236.629789114
-0.6478,0.1821,-1.8029,0.0,236.765576124
-0.6442,0.1872,-1.7929,0.0,236.886812925
-0.6308,0.1841,-1.7638,0.0,237.016268015
-0.6087,0.1831,-1.7264,0.0,237.155048132
-0.5676,0.1936,-1.6905,0.0,237.28374505
-0.5309,0.1907,-1.6646,0.0,237.406942129
-0.5111,0.1945,-1.6732,0.0,237.530657053
-0.4696,0.1953,-1.6561,0.0,237.660217047
-0.425,0.1925,-1.6561,0.0,237.780278921
-0.402,0.1935,-1.6646,0.0,237.910921097
-0.3572,0.1879,-1.6646,0.0,238.036015034
-0.3184,0.1869,-1.6818,0.0,238.164652109
-0.2846,0.1832,-1.6994,0.0,238.286316156
-0.2429,0.1812,-1.7083,0.0,238.415190935
-0.2176,0.1753,-1.7356,0.0,238.549920082
-0.1894,0.1703,-1.7449,0.0,238.669578075
-0.1647,0.1692,-1.7638,0.0,238.790462017
-0.1502,0.1669,-1.8029,0.0,238.919574976
-0.1403,0.1629,-1.7929,0.0,239.051218987
-0.1289,0.1547,-1.8029,0.0,239.168684959
-0.1311,0.148,-1.8333,0.0,239.294753075
-0.1505,0.155,-1.8437,0.0,239.415295124
-0.1638,0.1434,-1.8542,0.0,239.533633947
-0.1857,0.1459,-1.8864,0.0,239.654577017
-0.2028,0.1531,-1.8974,0.0,239.769678116
-0.22,0.1573,-1.9085,0.0,239.905668974
-0.2421,0.1624,-1.9312,0.0,240.029427052
-0.2665,0.1634,-1.9427,0.0,240.144680977
-0.2828,0.1568,-1.9427,0.0,240.259027958
-0.3146,0.1563,-1.9781,0.0,240.384720087
-0.3325,0.1487,-1.9661,0.0,240.506061077
-0.3678,0.1362,-1.9781,0.0,240.631279945
-0.4045,0.1262,-1.9781,0.0,240.756186962
-0.4378,0.1061,-1.9781,0.0,240.878292084
-0.4654,0.0949,-1.9543,0.0,240.999015093
-0.4986,0.0746,-1.9427,0.0,241.128448963
-0.5281,0.0742,-1.9312,0.0,241.253646135
-0.5573,0.0672,-1.9198,0.0,241.37006402
-0.5796,0.0568,-1.8974,0.0,241.488234997
-0.5981,0.053,-1.8755,0.0,241.606050968
-0.61,0.0555,-1.8542,0.0,241.729141951
-0.6221,0.0615,-1.8437,0.0,241.849033117
-0.6151,0.07,-1.823,0.0,241.965745926
-0.6083,0.0784,-1.8029,0.0,242.08960104
-0.5929,0.0931,-1.7929,0.0,242.211864948
-0.5777,0.0926,-1.7831,0.0,242.329441071
-0.5476,0.1071,-1.7734,0.0,242.445960045
-0.5238,0.1071,-1.7734,0.0,242.554157972
-0.4999,0.1191,-1.7734,0.0,242.679506063
-0.473,0.1281,-1.7734,0.0,242.81064415
-0.4237,0.1356,-1.7543,0.0,242.950183153
-0.3803,0.1379,-1.7449,0.0,243.071228027
-0.341,0.1386,-1.7543,0.0,243.188104153
-0.3085,0.1416,-1.7543,0.0,243.326697111
-0.2583,0.1475,-1.7543,0.0,243.446115971
-0.2259,0.1475,-1.7543,0.0,243.557413101
-0.1963,0.1475,-1.7543,0.0,243.686293125
-0.1757,0.1505,-1.7543,0.0,243.808898926
-0.1454,0.1497,-1.7449,0.0,243.930454016
-0.1241,0.1401,-1.7356,0.0,244.051242113
-0.1154,0.1459,-1.7356,0.0,244.176727057
-0.1095,0.1401,-1.7356,0.0,244.310363054
-0.1095,0.1401,-1.7356,0.0,244.426563025
-0.1095,0.143,-1.7356,0.0,244.549798012
-0.1125,0.1342,-1.7356,0.0,244.668692112
-0.1183,0.1313,-1.7356,0.0,244.79965806
-0.13,0.1254,-1.7356,0.0,244.919945955
-0.1351,0.1276,-1.7264,0.0,245.041717052
-0.1496,0.1247,-1.7264,0.0,245.163285971
-0.1612,0.1276,-1.7264,0.0,245.287971973
-0.1691,0.1212,-1.7173,0.0,245.407475948
-0.1768,0.1147,-1.7083,0.0,245.517477989
-0.1845,0.1026,-1.6994,0.0,245.634048939
-0.192,0.0935,-1.6905,0.0,245.760607958
-0.1957,0.0812,-1.6732,0.0,245.886403084
-0.1975,0.0808,-1.6646,0.0,245.998113155
-0.1945,0.0713,-1.6395,0.0,246.11393714
-0.1926,0.0733,-1.6231,0.0,246.245403051
-0.1862,0.0702,-1.6151,0.0,246.372731924
-0.1754,0.0584,-1.5914,0.0,246.500498056
-0.165,0.0549,-1.5684,0.0,246.628823996
-0.1444,0.0489,-1.5461,0.0,246.746884108
-0.1334,0.0435,-1.5387,0.0,246.860882044
-0.1111,0.0352,-1.5172,0.0,246.989191055
-0.0958,0.03,-1.5172,0.0,247.097923994
-0.0699,0.0248,-1.5102,0.0,247.212950945
-0.0521,0.0197,-1.5102,0.0,247.337460041
-0.0241,0.0146,-1.5102,0.0,247.45126009
-0.0064,0.0121,-1.5172,0.0,247.574051142
0.0115,0.0121,-1.5172,0.0,247.689651966
0.0348,0.0122,-1.5315,0.0,247.807009935
0.0559,0.0071,-1.5461,0.0,247.916862965
0.0673,0.0098,-1.5684,0.0,248.037822008
0.0786,0.0153,-1.5837,0.0,248.161680937
0.0852,0.0209,-1.6071,0.0,248.284142017
0.0837,0.0213,-1.6313,0.0,248.404819965
0.0831,0.0303,-1.6732,0.0,248.520547152
0.0758,0.0394,-1.6994,0.0,248.645313978
0.0625,0.0517,-1.7264,0.0,248.769217014
0.0424,0.0667,-1.7356,0.0,248.90296793
0.0224,0.0861,-1.7734,0.0,249.024563074
0.0015,0.1022,-1.7929,0.0,249.141060114
-0.0322,0.1255,-1.823,0.0,249.265672922
-0.0667,0.1363,-1.8437,0.0,249.385801077
-0.0921,0.1465,-1.8542,0.0,249.505391121
-0.1254,0.165,-1.8864,0.0,249.625765085
-0.1453,0.1724,-1.8974,0.0,249.745304108
-0.1804,0.1885,-1.9312,0.0,249.859959126
-0.2031,0.2016,-1.9312,0.0,249.986618996
-0.2305,0.2127,-1.9427,0.0,250.107048988
-0.2599,0.2225,-1.9427,0.0,250.235722065
-0.2926,0.2324,-1.9427,0.0,250.357149124
-0.3169,0.2375,-1.9312,0.0,250.490613937
-0.3559,0.2473,-1.9312,0.0,250.620445013
-0.3949,0.2506,-1.9312,0.0,250.737586021
-0.4371,0.2539,-1.9312,0.0,250.864572048
-0.4765,0.2524,-1.9198,0.0,250.994118929
-0.5061,0.2494,-1.8974,0.0,251.113393068
-0.5476,0.248,-1.8864,0.0,251.231047153
-0.5887,0.2434,-1.8755,0.0,251.353690147
-0.6194,0.2375,-1.8542,0.0,251.482439995
-0.6562,0.2361,-1.8437,0.0,251.598950148
-0.6857,0.2397,-1.823,0.0,251.71430397
-0.7054,0.2248,-1.8029,0.0,251.830534935
-0.7277,0.2254,-1.7831,0.0,251.945847034
-0.7376,0.2199,-1.7638,0.0,252.071141005
-0.7452,0.2153,-1.7264,0.0,252.193392038
-0.7547,0.2101,-1.7083,0.0,252.313248158
-0.7522,0.2019,-1.6646,0.0,252.434355021
-0.7546,0.1933,-1.6395,0.0,252.564340115
-0.7468,0.1859,-1.5992,0.0,252.6881001
-0.7368,0.192,-1.5609,0.0,252.804960012
-0.717,0.1823,-1.5243,0.0,252.93454814
-0.6981,0.1731,-1.4895,0.0,253.057412148
-0.6782,0.175,-1.4627,0.0,253.171183109
-0.6484,0.1728,-1.4243,0.0,253.298460007
-0.6157,0.1667,-1.3938,0.0,253.421306133
-0.5845,0.1586,-1.3646,0.0,253.548650026
-0.55,0.156,-1.3421,0.0,253.668902159
-0.512,0.1541,-1.3257,0.0,253.789571047
-0.4813,0.1484,-1.315,0.0,253.919111967
-0.4489,0.1428,-1.3045,0.0,254.046937943
-0.4094,0.1384,-1.3045,0.0,254.175573111
-0.3517,0.1241,-1.2941,0.0,254.291060925
-0.3269,0.1202,-1.2993,0.0,254.423552036
-0.2867,0.1092,-1.3257,0.0,254.545771122
-0.2448,0.0978,-1.3533,0.0,254.663823128
-0.2041,0.0874,-1.3704,0.0,254.783690929
-0.1715,0.0754,-1.4059,0.0,254.912632942
-0.1452,0.0728,-1.4497,0.0,255.046077013
-0.1185,0.0569,-1.4827,0.0,255.171550035
-0.0992,0.0562,-1.5315,0.0,255.30343914
-0.0888,0.0499,-1.576,0.0,255.424870968
-0.0852,0.0508,-1.6071,0.0,255.541095972
-0.0901,0.0493,-1.6478,0.0,255.663758993
-0.0953,0.0478,-1.6905,0.0,255.782292128
-0.1037,0.0578,-1.7356,0.0,255.902308941
-0.1166,0.0733,-1.7543,0.0,256.032720089
-0.1298,0.0861,-1.7734,0.0,256.15338397
-0.1477,0.0951,-1.7734,0.0,256.270059109
-0.1716,0.1041,-1.7734,0.0,256.39289093
-0.1976,0.1144,-1.7929,0.0,256.509392977
-0.2248,0.1265,-1.7929,0.0,256.622594118
-0.2456,0.134,-1.8129,0.0,256.740895987
-0.2761,0.1432,-1.8129,0.0,256.864814043
-0.2912,0.1477,-1.7929,0.0,256.987205982
-0.314,0.1547,-1.8029,0.0,257.119506121
-0.3219,0.1463,-1.8129,0.0,257.239894152
-0.3444,0.1486,-1.8029,0.0,257.374511957
-0.3535,0.1516,-1.8029,0.0,257.498388052
-0.3565,0.1547,-1.8029,0.0,257.636193991
-0.3586,0.1409,-1.7831,0.0,257.760802031
-0.3547,0.1423,-1.7638,0.0,257.881195068
-0.3528,0.1356,-1.7543,0.0,257.997478962
-0.348,0.1379,-1.7449,0.0,258.109828949
-0.3501,0.1393,-1.7264,0.0,258.229454994
-0.3475,0.1371,-1.6994,0.0,258.368916035
-0.3449,0.135,-1.6732,0.0,258.492820978
-0.346,0.1259,-1.6646,0.0,258.614390135
-0.3452,0.0995,-1.6478,0.0,258.727133989
-0.3414,0.0776,-1.6561,0.0,258.84394002
-0.3358,0.0496,-1.6561,0.0,258.966715097
-0.3389,0.0308,-1.6994,0.0,259.079843998
-0.3219,0.0076,-1.6561,0.0,259.202508926
-0.3208,-0.0065,-1.6646,0.0,259.332314014
-0.3241,-0.0151,-1.6818,0.0,259.455662012
-0.3144,-0.0266,-1.6905,0.0,259.571848154
-0.3144,-0.0237,-1.6905,0.0,259.693012953
-0.316,-0.0239,-1.6994,0.0,259.813641071
-0.3148,-0.0211,-1.7083,0.0,259.926664114
-0.3065,-0.0213,-1.7264,0.0,260.056545019
-0.3026,-0.0276,-1.7543,0.0,260.174376011
-0.2924,-0.0248,-1.7638,0.0,260.287900925
-0.2849,-0.0276,-1.7543,0.0,260.410905123
-0.2746,-0.0307,-1.7638,0.0,260.536169052
-0.2701,-0.0219,-1.7734,0.0,260.66425395
-0.2671,-0.0249,-1.7734,0.0,260.784245968
-0.2686,-0.0128,-1.7638,0.0,260.901093006
-0.2686,-0.0069,-1.7638,0.0,261.024559975
-0.2716,0.0139,-1.7449,0.0,261.145539999
-0.2804,0.0342,-1.7264,0.0,261.261389017
-0.286,0.0367,-1.7083,0.0,261.384820938
-0.3055,0.036,-1.6732,0.0,261.516031981
-0.332,0.0301,-1.6646,0.0,261.638225079
-0.3555,0.024,-1.6313,0.0,261.766067982
-0.3889,0.0181,-1.5992,0.0,261.890089035
-0.423,0.0099,-1.576,0.0,262.022078037
-0.4553,0.0072,-1.5684,0.0,262.149943113
-0.4823,-0.0034,-1.5534,0.0,262.26296711
-0.4961,-0.0034,-1.5315,0.0,262.378937006
-0.5094,-0.0008,-1.5172,0.0,262.499753952
-0.5123,-0.0008,-1.5032,0.0,262.620083094
-0.5104,0.0067,-1.476,0.0,262.744424105
-0.4967,0.0164,-1.4433,0.0,262.863656998
-0.4881,0.0233,-1.4181,0.0,262.989153147
-0.462,0.0319,-1.3762,0.0,263.125261068
-0.433,0.0423,-1.3366,0.0,263.25393796
-0.4045,0.0503,-1.3097,0.0,263.377828121
-0.3677,0.0619,-1.2739,0.0,263.502318144
-0.3486,0.0697,-1.2591,0.0,263.619724035
-0.3108,0.0767,-1.2352,0.0,263.740285158
-0.2887,0.0855,-1.2122,0.0,263.859312057
-0.2622,0.0991,-1.2033,0.0,263.971181154
-0.2342,0.1065,-1.1944,0.0,264.097201109
-0.2053,0.1182,-1.1901,0.0,264.21804595
-0.1933,0.1343,-1.1901,0.0,264.340283155
-0.173,0.1414,-1.2168,0.0,264.46897006
-0.1537,0.1549,-1.2259,0.0,264.589719057
-0.1415,0.1662,-1.264,0.0,264.704044104
-0.1281,0.1703,-1.2789,0.0,264.835193157
-0.1221,0.1818,-1.3312,0.0,264.961641073
-0.1081,0.1817,-1.382,0.0,265.078496933
-0.0971,0.1897,-1.4243,0.0,265.195249081
-0.087,0.2013,-1.4562,0.0,265.317239046
-0.0797,0.2129,-1.5032,0.0,265.432978153
-0.0764,0.2257,-1.5387,0.0,265.548784971
-0.0706,0.243,-1.5837,0.0,265.669141054
-0.0693,0.2533,-1.6151,0.0,265.789036989
-0.0711,0.257,-1.6561,0.0,265.910054922
-0.077,0.2752,-1.6646,0.0,266.041854143
-0.0868,0.2852,-1.6905,0.0,266.159879923
-0.0973,0.2971,-1.7264,0.0,266.290853024
-0.1212,0.3016,-1.7356,0.0,266.412671089
-0.1336,0.3002,-1.7449,0.0,266.534294128
-0.1461,0.2989,-1.7543,0.0,266.664502144
-0.1677,0.2945,-1.7638,0.0,266.780118942
-0.1835,0.2961,-1.7734,0.0,266.898458004
-0.2015,0.2841,-1.7734,0.0,267.014136076
-0.2116,0.2827,-1.7831,0.0,267.12937808
-0.2236,0.2767,-1.7831,0.0,267.250769138
-0.2326,0.2797,-1.7831,0.0,267.373310089
-0.2416,0.2797,-1.7831,0.0,267.490648985
-0.2492,0.2841,-1.7734,0.0,267.618808985
-0.2627,0.2766,-1.7638,0.0,267.745496035
-0.279,0.2544,-1.7543,0.0,267.870087147
-0.292,0.2445,-1.7264,0.0,267.994569063
-0.3136,0.2229,-1.7173,0.0,268.130094051
-0.336,0.209,-1.6994,0.0,268.251240969
-0.3514,0.1965,-1.6905,0.0,268.370805025
-0.3684,0.1908,-1.6905,0.0,268.489005089
-0.3844,0.1775,-1.6732,0.0,268.610543966
-0.3908,0.171,-1.6646,0.0,268.734092951
-0.3972,0.1673,-1.6561,0.0,268.848869085
-0.4062,0.1692,-1.6478,0.0,268.988247156
-0.4014,0.1739,-1.6395,0.0,269.11205101
-0.392,0.1667,-1.6231,0.0,269.233747005
-0.3846,0.1659,-1.6151,0.0,269.349519968
-0.3727,0.1669,-1.5992,0.0,269.472821951
-0.362,0.1697,-1.5992,0.0,269.595247984
-0.3382,0.1672,-1.576,0.0,269.714877129
-0.326,0.169,-1.5684,0.0,269.831973076
-0.3087,0.1629,-1.5609,0.0,269.959016085
-0.2941,0.1648,-1.5534,0.0,270.069875002
-0.2784,0.1658,-1.5387,0.0,270.191487074
-0.2616,0.1599,-1.5315,0.0,270.316874027
-0.2395,0.1632,-1.5387,0.0,270.446057081
-0.2209,0.1584,-1.5172,0.0,270.580572128
-0.2085,0.1632,-1.5387,0.0,270.697216988
-0.1852,0.1577,-1.5609,0.0,270.834437132
-0.1702,0.1584,-1.5684,0.0,270.970202923
-0.1574,0.1534,-1.5992,0.0,271.08615613
-0.1496,0.151,-1.6313,0.0,271.215224028
-0.138,0.1561,-1.6561,0.0,271.35362196
-0.1259,0.1556,-1.6818,0.0,271.48704195
-0.1158,0.1458,-1.6994,0.0,271.618907928
-0.1026,0.1618,-1.7173,0.0,271.749781132
-0.1037,0.1606,-1.7356,0.0,271.869982958
-0.089,0.1781,-1.7929,0.0,271.995149136
-0.0931,0.1831,-1.8129,0.0,272.114607096
-0.0941,0.1852,-1.8333,0.0,272.250935078
-0.0853,0.1893,-1.8437,0.0,272.385415077
-0.0921,0.1967,-1.8542,0.0,272.510555029
-0.1006,0.2077,-1.8974,0.0,272.629112005
-0.1044,0.2089,-1.9085,0.0,272.739382029
-0.1044,0.2122,-1.9085,0.0,272.859442949
-0.1095,0.2159,-1.9427,0.0,272.970957994
-0.1056,0.2212,-1.9312,0.0,273.101994991
-0.0997,0.2422,-1.9427,0.0,273.230231047
-0.0926,0.2506,-1.9312,0.0,273.358722925
-0.0915,0.2638,-1.9085,0.0,273.481709003
-0.098,0.2735,-1.9085,0.0,273.596890926
-0.1,0.2799,-1.8864,0.0,273.708683968
-0.1121,0.2846,-1.8755,0.0,273.827795982
-0.1257,0.2829,-1.8437,0.0,273.943877935
-0.1451,0.2877,-1.8542,0.0,274.063178062
-0.1672,0.2828,-1.823,0.0,274.177497149
-0.1968,0.2782,-1.8129,0.0,274.298269987
-0.2321,0.2706,-1.8029,0.0,274.419723034
-0.2639,0.269,-1.8129,0.0,274.560970068
-0.311,0.2553,-1.8029,0.0,274.679295063
-0.3383,0.2462,-1.8029,0.0,274.796267033
-0.3676,0.2344,-1.7831,0.0,274.910951138
-0.3998,0.2296,-1.7929,0.0,275.02544713
-0.4246,0.2103,-1.7831,0.0,275.14972496
-0.4546,0.2012,-1.7831,0.0,275.267457962
-0.479,0.1851,-1.7734,0.0,275.388339043
-0.4972,0.1782,-1.7638,0.0,275.503133059
-0.5154,0.1644,-1.7449,0.0,275.628998995
-0.5273,0.151,-1.7264,0.0,275.758558035
-0.5333,0.1465,-1.7083,0.0,275.889353991
-0.5309,0.1343,-1.6646,0.0,276.017775059
-0.5258,0.1282,-1.6231,0.0,276.143787146
-0.5237,0.1198,-1.5837,0.0,276.275002956
-0.5114,0.1138,-1.5387,0.0,276.39262104
-0.4999,0.1208,-1.4963,0.0,276.516719103
-0.484,0.1151,-1.4562,0.0,276.636700153
-0.4642,0.1073,-1.4181,0.0,276.757853031
-0.452,0.0932,-1.3879,0.0,276.870589972
-0.4298,0.1019,-1.3477,0.0,276.981729984
-0.4145,0.1015,-1.3421,0.0,277.0989151
-0.3966,0.0999,-1.3204,0.0,277.210469961
-0.384,0.1017,-1.315,0.0,277.332123041
-0.3552,0.095,-1.315,0.0,277.456315994
-0.3389,0.0954,-1.3204,0.0,277.574381113
-0.3157,0.0913,-1.3257,0.0,277.702934027
-0.2835,0.0856,-1.3421,0.0,277.832098007
-0.2619,0.0821,-1.3589,0.0,277.956967115
-0.2498,0.0818,-1.3938,0.0,278.076184988
-0.2161,0.0744,-1.3879,0.0,278.209018946
-0.2101,0.075,-1.4433,0.0,278.325901031
-0.2049,0.0767,-1.476,0.0,278.449757099
-0.1944,0.0784,-1.5102,0.0,278.575438976
-0.1903,0.0825,-1.5387,0.0,278.696532011
-0.1914,0.0894,-1.5684,0.0,278.819424152
-0.1945,0.099,-1.6395,0.0,278.942098141
-0.1918,0.1073,-1.6395,0.0,279.058099031
-0.1939,0.113,-1.6818,0.0,279.174286127
-0.1941,0.1234,-1.7083,0.0,279.285789013
-0.1942,0.1254,-1.7356,0.0,279.424664974
-0.1923,0.1349,-1.7449,0.0,279.552191973
-0.1993,0.1416,-1.7543,0.0,279.659785032
-0.2074,0.1491,-1.7734,0.0,279.785792112
-0.2176,0.1499,-1.7831,0.0,279.90072608
-0.2326,0.1499,-1.7831,0.0,280.028258085
-0.2429,0.1599,-1.7929,0.0,280.146495104
-0.2519,0.1659,-1.7929,0.0,280.261714935
-0.2656,0.1801,-1.7831,0.0,280.381112099
-0.2731,0.1821,-1.7734,0.0,280.501269102
-0.2894,0.1961,-1.7638,0.0,280.632153034
-0.3043,0.202,-1.7638,0.0,280.752076149
-0.3186,0.1999,-1.7449,0.0,280.876160145
-0.3344,0.1959,-1.7356,0.0,281.005782127
-0.3579,0.1841,-1.7083,0.0,281.124279976
-0.378,0.1812,-1.7083,0.0,281.246634007
-0.4026,0.1736,-1.6905,0.0,281.37193799
-0.4188,0.1681,-1.6646,0.0,281.49534297
-0.4395,0.1553,-1.6478,0.0,281.609832048
-0.4488,0.1537,-1.6313,0.0,281.724086046
-0.4603,0.153,-1.6231,0.0,281.848901033
-0.4616,0.1534,-1.5992,0.0,281.967041016
-0.4651,0.1546,-1.5837,0.0,282.089936018
-0.4584,0.155,-1.5609,0.0,282.212450981
-0.4467,0.1606,-1.5387,0.0,282.334203005
-0.4302,0.1687,-1.5172,0.0,282.444958925
-0.4136,0.1773,-1.5032,0.0,282.566187143
-0.3887,0.1815,-1.476,0.0,282.696607113
-0.359,0.1816,-1.4562,0.0,282.822873116
-0.3364,0.1849,-1.4433,0.0,282.938527107
-0.307,0.1856,-1.4306,0.0,283.056079149
-0.2769,0.1872,-1.4243,0.0,283.179557085
-0.2398,0.1864,-1.4181,0.0,283.297712088
-0.2184,0.1888,-1.4181,0.0,283.425441027
-0.1834,0.1848,-1.4243,0.0,283.557712078
-0.1505,0.1832,-1.4306,0.0,283.686542988
-0.1264,0.1784,-1.4306,0.0,283.798833132
-0.0943,0.1742,-1.4562,0.0,283.919132948
-0.0861,0.1698,-1.4827,0.0,284.036925077
-0.0639,0.1681,-1.4895,0.0,284.160871029
-0.0449,0.1591,-1.5243,0.0,284.284543991
-0.0436,0.1505,-1.5684,0.0,284.396878004
-0.0392,0.1542,-1.6071,0.0,284.512439966
-0.0371,0.1372,-1.6313,0.0,284.632987022
-0.035,0.1372,-1.6646,0.0,284.747368097
-0.0357,0.1371,-1.6994,0.0,284.869457006
-0.0396,0.129,-1.7449,0.0,284.987522125
-0.0403,0.1311,-1.7734,0.0,285.110532045
-0.0442,0.134,-1.8129,0.0,285.234028101
-0.0546,0.134,-1.8542,0.0,285.348585129
-0.0515,0.134,-1.8542,0.0,285.468157053
-0.0778,0.1363,-1.8864,0.0,285.584969044
-0.0787,0.1314,-1.9085,0.0,285.71133709
-0.0926,0.1395,-1.9312,0.0,285.839895964
-0.1115,0.1295,-1.9781,0.0,285.961264133
-0.1108,0.1354,-1.9661,0.0,286.090430021
-0.1222,0.1303,-1.9902,0.0,286.221498013
-0.1238,0.1319,-2.0148,0.0,286.338886023
-0.1279,0.1225,-2.0274,0.0,286.453341961
-0.1287,0.1198,-2.0401,0.0,286.572137117
-0.1296,0.1066,-2.0529,0.0,286.696989059
-0.1253,0.0887,-2.0401,0.0,286.818275928
-0.1261,0.0754,-2.0529,0.0,286.943417072
-0.1253,0.0507,-2.0401,0.0,287.06529808
-0.1253,0.0473,-2.0401,0.0,287.181705952
-0.1279,0.0504,-2.0274,0.0,287.290774107
-0.1373,0.0467,-2.0148,0.0,287.414011002
-0.149,0.0529,-1.9902,0.0,287.530252934
-0.1725,0.0596,-1.9902,0.0,287.664000034
-0.2047,0.0492,-1.9781,0.0,287.785798073
-0.238,0.0425,-1.9781,0.0,287.911798
-0.2746,0.0321,-1.9543,0.0,288.039309025
-0.3108,0.0188,-1.9543,0.0,288.161200047
-0.3371,0.0122,-1.9543,0.0,288.285834074
-0.3667,0.0056,-1.9543,0.0,288.41049695
-0.3912,-0.001,-1.9781,0.0,288.533751965
-0.4053,-0.0043,-1.9661,0.0,288.653175116
-0.4211,-0.0044,-1.9781,0.0,288.781886101
-0.4244,-0.0044,-1.9781,0.0,288.902225018
-0.4278,-0.0044,-1.9781,0.0,289.019907951
-0.4244,-0.001,-1.9781,0.0,289.141762018
-0.4095,0.0023,-1.9543,0.0,289.266046047
-0.3996,0.0122,-1.9543,0.0,289.381875992
-0.3874,0.0154,-1.9427,0.0,289.501315117
-0.3721,0.0154,-1.9312,0.0,289.623651981
-0.3494,0.0121,-1.9312,0.0,289.739771128
-0.3228,0.0087,-1.9085,0.0,289.862599134
-0.3018,0.0022,-1.8974,0.0,289.991065025
-0.2794,0.0022,-1.8974,0.0,290.115828991
-0.2619,0.0022,-1.8864,0.0,290.235232115
-0.246,0.0022,-1.8864,0.0,290.352797985
-0.2288,-0.001,-1.8755,0.0,290.474131107
-0.2067,-0.001,-1.8755,0.0,290.591925144
-0.1984,-0.0073,-1.8864,0.0,290.711200953
-0.1815,-0.0041,-1.8755,0.0,290.843450069
-0.1657,0.0022,-1.8755,0.0,290.973853111
-0.1571,0.0118,-1.8864,0.0,291.091197014
-0.1476,0.015,-1.8864,0.0,291.220816135
-0.1389,0.0215,-1.8974,0.0,291.341722012
-0.1333,0.0249,-1.9085,0.0,291.462680101
-0.1308,0.025,-1.9198,0.0,291.575048923
-0.1291,0.0286,-1.9427,0.0,291.697343111
-0.134,0.0289,-1.9661,0.0,291.812782049
-0.1457,0.0226,-1.9902,0.0,291.931005001
-0.1475,0.0262,-2.0148,0.0,292.063979149
0.0,0.1,0.0,1.0,292.161021948
-0.1662,0.0165,-2.0791,0.0,292.273473024
-0.1814,0.0131,-2.0925,0.0,292.345654011
-0.2006,0.0134,-2.1477,0.0,292.457841158
-0.212,0.01,-2.1911,0.0,292.587280035
-0.227,0.018,-2.2673,0.0,292.703719139
-0.2453,0.0264,-2.3323,0.0,292.825037956
-0.2587,0.027,-2.3835,0.0,292.946135998
0.0,0.1,0.0,1.0,293.049185038
-0.2583,0.0278,-2.4554,0.0,293.174478054
-0.2561,0.0239,-2.4741,0.0,293.244929075
-0.2469,0.0246,-2.5516,0.0,293.375784159
0.0,0.1,0.0,1.0,293.484149933
0.0,0.1,0.0,1.0,293.585171938
0.0,0.1,0.0,1.0,293.699253082
0.0,0.1,0.0,1.0,293.805182934
0.0,0.1,0.0,1.0,293.907119036
0.0,0.1,0.0,1.0,294.022297144
0.0,0.1,0.0,1.0,294.121595144
0.0633,-0.032,-2.5923,0.0,294.240843058
0.0844,-0.0361,-2.5718,0.0,294.303151131
0.1129,-0.0484,-2.5318,0.0,294.414747953
0.1405,-0.0603,-2.493,0.0,294.530483961
0.1508,-0.0843,-2.4554,0.0,294.652055979
0.1445,-0.1035,-2.4189,0.0,294.762928963
0.1334,-0.1213,-2.3662,0.0,294.880129099
0.104,-0.1511,-2.3323,0.0,295.002718925
0.0643,-0.1697,-2.3157,0.0,295.126654148
0.0058,-0.202,-2.2832,0.0,295.250730991
-0.0553,-0.2275,-2.2673,0.0,295.368611097
-0.1035,-0.2433,-2.2362,0.0,295.48723793
-0.1812,-0.2774,-2.2673,0.0,295.603749037
-0.2347,-0.3004,-2.2673,0.0,295.723716974
-0.3059,-0.3342,-2.3157,0.0,295.849210978
-0.3723,-0.3615,-2.3662,0.0,295.982887983
-0.4263,-0.3953,-2.4011,0.0,296.113780022
-0.4814,-0.4208,-2.4554,0.0,296.234473944
-0.5098,-0.4399,-2.493,0.0,296.356791973
-0.5518,-0.4725,-2.5318,0.0,296.482144117
0.0,0.1,0.0,1.0,296.583359957
0.0,0.1,0.0,1.0,296.689584017
0.0,0.1,0.0,1.0,296.787467957
0.0,0.1,0.0,1.0,296.89329505
0.0,0.1,0.0,1.0,296.989907026
0.0,0.1,0.0,1.0,297.086573124
0.0,0.1,0.0,1.0,297.202975988
0.0,0.1,0.0,1.0,297.300373077
0.0,0.1,0.0,1.0,297.411827087
0.0,0.1,0.0,1.0,297.512176991
0.0,0.1,0.0,1.0,297.610773087
0.0,0.1,0.0,1.0,297.71230197
0.0,0.1,0.0,1.0,297.813285112
0.0,0.1,0.0,1.0,297.911010027
0.0,0.1,0.0,1.0,298.020928144
0.0,0.1,0.0,1.0,298.127351999
0.0,0.1,0.0,1.0,298.22667408
0.0,0.1,0.0,1.0,298.323368073
0.0,0.1,0.0,1.0,298.420068026
0.0,0.1,0.0,1.0,298.522104025
0.0,0.1,0.0,1.0,298.613331079
0.0,0.1,0.0,1.0,298.710633039
0.0,0.1,0.0,1.0,298.824043036
0.0,0.1,0.0,1.0,298.930501938
0.0,0.1,0.0,1.0,299.034156084
0.0,0.1,0.0,1.0,299.136714935
0.0,0.1,0.0,1.0,299.24269104
0.0,0.1,0.0,1.0,299.338384151
0.0,0.1,0.0,1.0,299.44352603
